,PassengerId,Pclass,Name,Sex,Age,SibSp,Parch,Ticket,Fare,Cabin,Embarked
0,0,2,"West, Miss. Barbara J",female,0.92,1,2,C.A. 34651,27.75,,S
1,1,2,"Slayter, Miss. Hilda Mary",female,30.0,0,0,234818,12.35,,Q
2,2,3,"Yousseff, Mr. Gerious",male,,0,0,2627,14.4583,,C
3,3,3,"Torfa, Mr. Assad",male,,0,0,2673,7.2292,,C
4,4,3,"Kiernan, Mr. Philip",male,,1,0,367229,7.75,,Q
5,5,1,"Loring, Mr. Joseph Holland",male,30.0,0,0,113801,45.5,,S
6,6,2,"Bryhl, Mr. Kurt Arnold Gottfrid",male,25.0,1,0,236853,26.0,,S
7,7,2,"Berriman, Mr. William John",male,23.0,0,0,28425,13.0,,S
8,8,3,"Thomas, Mr. Tannous",male,,0,0,2684,7.225,,C
9,9,3,"Klasen, Mr. Klas Albin",male,18.0,1,1,350404,7.8542,,S
10,10,3,"Abbing, Mr. Anthony",male,42.0,0,0,C.A. 5547,7.55,,S
11,11,3,"Thomas, Mrs. Alexander (Thamine Thelma"")""",female,16.0,1,1,2625,8.5167,,C
12,12,3,"Humblen, Mr. Adolf Mathias Nicolai Olsen",male,42.0,0,0,348121,7.65,F G63,S
13,13,2,"Turpin, Mrs. William John Robert (Dorothy Ann Wonnacott)",female,27.0,1,0,11668,21.0,,S
14,14,1,"Beckwith, Mrs. Richard Leonard (Sallie Monypeny)",female,47.0,1,1,11751,52.5542,D35,S
15,15,1,"Hays, Miss. Margaret Bechstein",female,24.0,0,0,11767,83.1583,C54,C
16,16,1,"Holverson, Mrs. Alexander Oskar (Mary Aline Towner)",female,35.0,1,0,113789,52.0,,S
17,17,3,"Andersen-Jensen, Miss. Carla Christine Nielsine",female,19.0,1,0,350046,7.8542,,S
18,18,3,"Christmann, Mr. Emil",male,29.0,0,0,343276,8.05,,S
19,19,1,"Stephenson, Mrs. Walter Bertram (Martha Eustis)",female,52.0,1,0,36947,78.2667,D20,C
20,20,3,"MacKay, Mr. George William",male,,0,0,C.A. 42795,7.55,,S
21,21,1,"Spedden, Mr. Frederic Oakley",male,45.0,1,1,16966,134.5,E34,C
22,22,1,"Fortune, Mr. Mark",male,64.0,1,4,19950,263.0,C23 C25 C27,S
23,23,3,"Sage, Miss. Stella Anna",female,,8,2,CA. 2343,69.55,,S
24,24,3,"Asplund, Master. Carl Edgar",male,5.0,4,2,347077,31.3875,,S
25,25,2,"Lehmann, Miss. Bertha",female,17.0,0,0,SC 1748,12.0,,C
26,26,3,"Murphy, Miss. Katherine ""Kate""",female,,1,0,367230,15.5,,Q
27,27,3,"Murdlin, Mr. Joseph",male,,0,0,A./5. 3235,8.05,,S
28,28,3,"Thomas, Mr. Charles P",male,,1,0,2621,6.4375,,C
29,29,3,"Allen, Mr. William Henry",male,35.0,0,0,373450,8.05,,S
30,30,3,"Vander Planke, Miss. Augusta Maria",female,18.0,2,0,345764,18.0,,S
31,31,2,"Mitchell, Mr. Henry Michael",male,70.0,0,0,C.A. 24580,10.5,,S
32,32,3,"Lahoud, Mr. Sarkis",male,,0,0,2624,7.225,,C
33,33,3,"Andersson, Miss. Ebba Iris Alfrida",female,6.0,4,2,347082,31.275,,S
34,34,2,"Pernot, Mr. Rene",male,,0,0,SC/PARIS 2131,15.05,,C
35,35,3,"O'Brien, Mrs. Thomas (Johanna ""Hannah"" Godfrey)",female,,1,0,370365,15.5,,Q
36,36,1,"Carter, Mrs. William Ernest (Lucile Polk)",female,36.0,1,2,113760,120.0,B96 B98,S
37,37,2,"Hocking, Mr. Richard George",male,23.0,2,1,29104,11.5,,S
38,38,1,"Blank, Mr. Henry",male,40.0,0,0,112277,31.0,A31,C
39,39,3,"Holthen, Mr. Johan Martin",male,28.0,0,0,C 4001,22.525,,S
40,40,3,"Lennon, Mr. Denis",male,,1,0,370371,15.5,,Q
41,41,3,"Jensen, Mr. Hans Peder",male,20.0,0,0,350050,7.8542,,S
42,42,2,"Clarke, Mrs. Charles V (Ada Maria Winfield)",female,28.0,1,0,2003,26.0,,S
43,43,1,"Partner, Mr. Austen",male,45.5,0,0,113043,28.5,C124,S
44,44,1,"Douglas, Mrs. Walter Donald (Mahala Dutton)",female,48.0,1,0,PC 17761,106.425,C86,C
45,45,3,"Lefebre, Miss. Ida",female,,3,1,4133,25.4667,,S
46,46,3,"Boulos, Mr. Hanna",male,,0,0,2664,7.225,,C
47,47,3,"Cor, Mr. Liudevit",male,19.0,0,0,349231,7.8958,,S
48,48,2,"Drew, Mrs. James Vivian (Lulu Thorne Christian)",female,34.0,1,1,28220,32.5,,S
49,49,1,"Ryerson, Mr. Arthur Larned",male,61.0,1,3,PC 17608,262.375,B57 B59 B63 B66,C
50,50,3,"Carr, Miss. Jeannie",female,37.0,0,0,368364,7.75,,Q
51,51,3,"Nicola-Yarred, Master. Elias",male,12.0,1,0,2651,11.2417,,C
52,52,3,"Minkoff, Mr. Lazar",male,21.0,0,0,349211,7.8958,,S
53,53,3,"Morrow, Mr. Thomas Rowan",male,,0,0,372622,7.75,,Q
54,54,3,"Reed, Mr. James George",male,,0,0,362316,7.25,,S
55,55,2,"Matthews, Mr. William John",male,30.0,0,0,28228,13.0,,S
56,56,3,"Cacic, Miss. Manda",female,21.0,0,0,315087,8.6625,,S
57,57,3,"Palsson, Master. Gosta Leonard",male,2.0,3,1,349909,21.075,,S
58,58,3,"Lam, Mr. Ali",male,,0,0,1601,56.4958,,S
59,59,3,"Karaic, Mr. Milan",male,30.0,0,0,349246,7.8958,,S
60,60,2,"Garside, Miss. Ethel",female,34.0,0,0,243880,13.0,,S
61,61,3,"McDermott, Miss. Brigdet Delia",female,,0,0,330932,7.7875,,Q
62,62,2,"Denbury, Mr. Herbert",male,25.0,0,0,C.A. 31029,31.5,,S
63,63,3,"Andersson, Mr. Anders Johan",male,39.0,1,5,347082,31.275,,S
64,64,2,"Richards, Mrs. Sidney (Emily Hocking)",female,24.0,2,3,29106,18.75,,S
65,65,3,"Johansson, Mr. Nils",male,29.0,0,0,347467,7.8542,,S
66,66,3,"Sage, Mr. John George",male,,1,9,CA. 2343,69.55,,S
67,67,1,"Brady, Mr. John Bertram",male,41.0,0,0,113054,30.5,A21,S
68,68,1,"Flegenheim, Mrs. Alfred (Antoinette)",female,,0,0,PC 17598,31.6833,,S
69,69,3,"McNamee, Mr. Neal",male,24.0,1,0,376566,16.1,,S
70,70,1,"Marvin, Mr. Daniel Warner",male,19.0,1,0,113773,53.1,D30,S
71,71,2,"Turpin, Mr. William John Robert",male,29.0,1,0,11668,21.0,,S
72,72,3,"Kilgannon, Mr. Thomas J",male,,0,0,36865,7.7375,,Q
73,73,2,"Cook, Mrs. (Selena Rogers)",female,22.0,0,0,W./C. 14266,10.5,F33,S
74,74,1,"Allison, Master. Hudson Trevor",male,0.92,1,2,113781,151.55,C22 C26,S
75,75,2,"Quick, Miss. Winifred Vera",female,8.0,1,1,26360,26.0,,S
76,76,3,"Andersson, Mr. Johan Samuel",male,26.0,0,0,347075,7.775,,S
77,77,3,"Hendekovic, Mr. Ignjac",male,28.0,0,0,349243,7.8958,,S
78,78,3,"Todoroff, Mr. Lalio",male,,0,0,349216,7.8958,,S
79,79,3,"McGowan, Miss. Katherine",female,35.0,0,0,9232,7.75,,Q
80,80,3,"Bourke, Mrs. John (Catherine)",female,32.0,1,1,364849,15.5,,Q
81,81,2,"Bentham, Miss. Lilian W",female,19.0,0,0,28404,13.0,,S
82,82,3,"Ekstrom, Mr. Johan",male,45.0,0,0,347061,6.975,,S
83,83,1,"Meyer, Mr. Edgar Joseph",male,28.0,1,0,PC 17604,82.1708,,C
84,84,2,"Becker, Miss. Ruth Elizabeth",female,12.0,2,1,230136,39.0,F4,S
85,85,1,"Douglas, Mr. Walter Donald",male,50.0,1,0,PC 17761,106.425,C86,C
86,86,3,"Rosblom, Mr. Viktor Richard",male,18.0,1,1,370129,20.2125,,S
87,87,2,"Watt, Miss. Bertha J",female,12.0,0,0,C.A. 33595,15.75,,S
88,88,3,"Abbott, Mr. Rossmore Edward",male,16.0,1,1,C.A. 2673,20.25,,S
89,89,3,"Hampe, Mr. Leon",male,20.0,0,0,345769,9.5,,S
90,90,1,"Spedden, Mrs. Frederic Oakley (Margaretta Corning Stone)",female,40.0,1,1,16966,134.5,E34,C
91,91,1,"Penasco y Castellana, Mrs. Victor de Satode (Maria Josefa Perez de Soto y Vallejo)",female,17.0,1,0,PC 17758,108.9,C65,C
92,92,3,"Thomas, Mr. John",male,,0,0,2681,6.4375,,C
93,93,1,"Fry, Mr. Richard",male,,0,0,112058,0.0,B102,S
94,94,3,"Sjoblom, Miss. Anna Sofia",female,18.0,0,0,3101265,7.4958,,S
95,95,1,"Cherry, Miss. Gladys",female,30.0,0,0,110152,86.5,B77,S
96,96,1,"Marvin, Mrs. Daniel Warner (Mary Graham Carmichael Farquarson)",female,18.0,1,0,113773,53.1,D30,S
97,97,3,"Daly, Mr. Eugene Patrick",male,29.0,0,0,382651,7.75,,Q
98,98,3,"Abbott, Master. Eugene Joseph",male,13.0,0,2,C.A. 2673,20.25,,S
99,99,3,"Olsen, Master. Artur Karl",male,9.0,0,1,C 17368,3.1708,,S
100,100,3,"Toufik, Mr. Nakli",male,,0,0,2641,7.2292,,C
101,101,3,"Skoog, Miss. Mabel",female,9.0,3,2,347088,27.9,,S
102,102,2,"Drew, Mr. James Vivian",male,42.0,1,1,28220,32.5,,S
103,103,3,"Kink, Miss. Maria",female,22.0,2,0,315152,8.6625,,S
104,104,3,"Novel, Mr. Mansouer",male,28.5,0,0,2697,7.2292,,C
105,105,1,"McCarthy, Mr. Timothy J",male,54.0,0,0,17463,51.8625,E46,S
106,106,3,"Yasbeck, Mr. Antoni",male,27.0,1,0,2659,14.4542,,C
107,107,3,"Jussila, Miss. Mari Aina",female,21.0,1,0,4137,9.825,,S
108,108,2,"Ware, Mrs. John James (Florence Louise Long)",female,31.0,0,0,CA 31352,21.0,,S
109,109,3,"McNamee, Mrs. Neal (Eileen O'Leary)",female,19.0,1,0,376566,16.1,,S
110,110,3,"Green, Mr. George Henry",male,51.0,0,0,21440,8.05,,S
111,111,2,"Duran y More, Miss. Asuncion",female,27.0,1,0,SC/PARIS 2149,13.8583,,C
112,112,3,"Midtsjo, Mr. Karl Albert",male,21.0,0,0,345501,7.775,,S
113,113,3,"Kelly, Miss. Mary",female,,0,0,14312,7.75,,Q
114,114,3,"Sage, Mr. George John Jr",male,,8,2,CA. 2343,69.55,,S
115,115,3,"Andreasson, Mr. Paul Edvin",male,20.0,0,0,347466,7.8542,,S
116,116,2,"Laroche, Miss. Louise",female,1.0,1,2,SC/Paris 2123,41.5792,,C
117,117,3,"Asim, Mr. Adola",male,35.0,0,0,SOTON/O.Q. 3101310,7.05,,S
118,118,1,"Hipkins, Mr. William Edward",male,55.0,0,0,680,50.0,C39,S
119,119,2,"Keane, Mr. Daniel",male,35.0,0,0,233734,12.35,,Q
120,120,3,"Coxon, Mr. Daniel",male,59.0,0,0,364500,7.25,,S
121,121,3,"Lockyer, Mr. Edward",male,,0,0,1222,7.8792,,S
122,122,1,"Burns, Miss. Elizabeth Margaret",female,41.0,0,0,16966,134.5,E40,C
123,123,1,"Van der hoef, Mr. Wyckoff",male,61.0,0,0,111240,33.5,B19,S
124,124,3,"Kink-Heilmann, Miss. Luise Gretchen",female,4.0,0,2,315153,22.025,,S
125,125,1,"Greenfield, Mrs. Leo David (Blanche Strouse)",female,45.0,0,1,PC 17759,63.3583,D10 D12,C
126,126,3,"Kelly, Miss. Anna Katherine ""Annie Kate""",female,,0,0,9234,7.75,,Q
127,127,1,"Daniels, Miss. Sarah",female,33.0,0,0,113781,151.55,,S
128,128,2,"Sincock, Miss. Maude",female,20.0,0,0,C.A. 33112,36.75,,S
129,129,3,"Mangan, Miss. Mary",female,30.5,0,0,364850,7.75,,Q
130,130,3,"Foley, Mr. Joseph",male,26.0,0,0,330910,7.8792,,Q
131,131,3,"Somerton, Mr. Francis William",male,30.0,0,0,A.5. 18509,8.05,,S
132,132,2,"Corey, Mrs. Percy C (Mary Phyllis Elizabeth Miller)",female,,0,0,F.C.C. 13534,21.0,,S
133,133,3,"Zabour, Miss. Hileni",female,14.5,1,0,2665,14.4542,,C
134,134,3,"Lindqvist, Mr. Eino William",male,20.0,1,0,STON/O 2. 3101285,7.925,,S
135,135,3,"Shorney, Mr. Charles Joseph",male,,0,0,374910,8.05,,S
136,136,3,"Buckley, Miss. Katherine",female,18.5,0,0,329944,7.2833,,Q
137,137,3,"Pavlovic, Mr. Stefo",male,32.0,0,0,349242,7.8958,,S
138,138,3,"Holm, Mr. John Fredrik Alexander",male,43.0,0,0,C 7075,6.45,,S
139,139,3,"Daly, Miss. Margaret Marcella Maggie""""",female,30.0,0,0,382650,6.95,,Q
140,140,3,"Nirva, Mr. Iisakki Antino Aijo",male,41.0,0,0,SOTON/O2 3101272,7.125,,S
141,141,3,"Moran, Mr. Daniel J",male,,1,0,371110,24.15,,Q
142,142,3,"Murphy, Miss. Nora",female,,0,0,36568,15.5,,Q
143,143,3,"Meek, Mrs. Thomas (Annie Louise Rowley)",female,,0,0,343095,8.05,,S
144,144,3,"Johansson, Mr. Gustaf Joel",male,33.0,0,0,7540,8.6542,,S
145,145,1,"Widener, Mr. Harry Elkins",male,27.0,0,2,113503,211.5,C82,C
146,146,3,"Doyle, Miss. Elizabeth",female,24.0,0,0,368702,7.75,,Q
147,147,3,"Ahlin, Mrs. Johan (Johanna Persdotter Larsson)",female,40.0,1,0,7546,9.475,,S
148,148,1,"Young, Miss. Marie Grice",female,36.0,0,0,PC 17760,135.6333,C32,C
149,149,1,"Foreman, Mr. Benjamin Laventall",male,30.0,0,0,113051,27.75,C111,C
150,150,3,"Svensson, Mr. Olof",male,24.0,0,0,350035,7.7958,,S
151,151,2,"Portaluppi, Mr. Emilio Ilario Giuseppe",male,30.0,0,0,C.A. 34644,12.7375,,C
152,152,1,"Clark, Mrs. Walter Miller (Virginia McDowell)",female,26.0,1,0,13508,136.7792,C89,C
153,153,3,"Jonsson, Mr. Nils Hilding",male,27.0,0,0,350408,7.8542,,S
154,154,3,"Johnson, Miss. Eleanor Ileen",female,1.0,1,1,347742,11.1333,,S
155,155,1,"Calderhead, Mr. Edward Pennington",male,42.0,0,0,PC 17476,26.2875,E24,S
156,156,3,"Drazenoic, Mr. Jozef",male,33.0,0,0,349241,7.8958,,C
157,157,1,"Bucknell, Mrs. William Robert (Emma Eliza Ward)",female,60.0,0,0,11813,76.2917,D15,C
158,158,1,"Leader, Dr. Alice (Farnham)",female,49.0,0,0,17465,25.9292,D17,S
159,159,3,"Sivola, Mr. Antti Wilhelm",male,21.0,0,0,STON/O 2. 3101280,7.925,,S
160,160,3,"Braund, Mr. Lewis Richard",male,29.0,1,0,3460,7.0458,,S
161,161,1,"Silverthorne, Mr. Spencer Victor",male,35.0,0,0,PC 17475,26.2875,E24,S
162,162,3,"Johnston, Miss. Catherine Helen ""Carrie""",female,,1,2,W./C. 6607,23.45,,S
163,163,3,"Tomlin, Mr. Ernest Portage",male,30.5,0,0,364499,8.05,,S
164,164,2,"Parkes, Mr. Francis ""Frank""",male,,0,0,239853,0.0,,S
165,165,3,"Katavelas, Mr. Vassilios (Catavelas Vassilios"")""",male,18.5,0,0,2682,7.2292,,C
166,166,2,"Carbines, Mr. William",male,19.0,0,0,28424,13.0,,S
167,167,1,"Guggenheim, Mr. Benjamin",male,46.0,0,0,PC 17593,79.2,B82 B84,C
168,168,3,"Gheorgheff, Mr. Stanio",male,,0,0,349254,7.8958,,C
169,169,3,"Chronopoulos, Mr. Demetrios",male,18.0,1,0,2680,14.4542,,C
170,170,1,"Rosenshine, Mr. George (Mr George Thorne"")""",male,46.0,0,0,PC 17585,79.2,,C
171,171,3,"Goodwin, Master. Harold Victor",male,9.0,5,2,CA 2144,46.9,,S
172,172,3,"Slocovski, Mr. Selman Francis",male,,0,0,SOTON/OQ 392086,8.05,,S
173,173,3,"Theobald, Mr. Thomas Leonard",male,34.0,0,0,363294,8.05,,S
174,174,3,"Petterson, Mr. Johan Emil",male,25.0,1,0,347076,7.775,,S
175,175,3,"Garfirth, Mr. John",male,,0,0,358585,14.5,,S
176,176,2,"Buss, Miss. Kate",female,36.0,0,0,27849,13.0,,S
177,177,3,"Nilsson, Miss. Helmina Josefina",female,26.0,0,0,347470,7.8542,,S
178,178,3,"Nieminen, Miss. Manta Josefina",female,29.0,0,0,3101297,7.925,,S
179,179,2,"Navratil, Master. Michel M",male,3.0,1,1,230080,26.0,F2,S
180,180,3,"Lindblom, Miss. Augusta Charlotta",female,45.0,0,0,347073,7.75,,S
181,181,2,"Ware, Mr. John James",male,30.0,1,0,CA 31352,21.0,,S
182,182,1,"Ryerson, Miss. Susan Parker ""Suzette""",female,21.0,2,2,PC 17608,262.375,B57 B59 B63 B66,C
183,183,1,"Perreault, Miss. Anne",female,30.0,0,0,12749,93.5,B73,S
184,184,3,"Hyman, Mr. Abraham",male,,0,0,3470,7.8875,,S
185,185,3,"Hansen, Mr. Claus Peter",male,41.0,2,0,350026,14.1083,,S
186,186,3,"Miles, Mr. Frank",male,,0,0,359306,8.05,,S
187,187,3,"Jensen, Mr. Svend Lauritz",male,17.0,1,0,350048,7.0542,,S
188,188,3,"Everett, Mr. Thomas James",male,40.5,0,0,C.A. 6212,15.1,,S
189,189,3,"Jonsson, Mr. Carl",male,32.0,0,0,350417,7.8542,,S
190,190,1,"Cumings, Mr. John Bradley",male,39.0,1,0,PC 17599,71.2833,C85,C
191,191,2,"Sharp, Mr. Percival James R",male,27.0,0,0,244358,26.0,,S
192,192,1,"Wright, Mr. George",male,62.0,0,0,113807,26.55,,S
193,193,1,"Butt, Major. Archibald Willingham",male,45.0,0,0,113050,26.55,B38,S
194,194,3,"Mulvihill, Miss. Bertha E",female,24.0,0,0,382653,7.75,,Q
195,195,1,"Spencer, Mrs. William Augustus (Marie Eugenie)",female,,1,0,PC 17569,146.5208,B78,C
196,196,1,"Sagesser, Mlle. Emma",female,24.0,0,0,PC 17477,69.3,B35,C
197,197,2,"Duran y More, Miss. Florentina",female,30.0,1,0,SC/PARIS 2148,13.8583,,C
198,198,3,"Youseff, Mr. Gerious",male,45.5,0,0,2628,7.225,,C
199,199,3,"Delalic, Mr. Redjo",male,25.0,0,0,349250,7.8958,,S
200,200,3,"Culumovic, Mr. Jeso",male,17.0,0,0,315090,8.6625,,S
201,201,3,"Sdycoff, Mr. Todor",male,,0,0,349222,7.8958,,S
202,202,3,"Cohen, Mr. Gurshon ""Gus""",male,18.0,0,0,A/5 3540,8.05,,S
203,203,3,"Guest, Mr. Robert",male,,0,0,376563,8.05,,S
204,204,1,"Geiger, Miss. Amalie",female,35.0,0,0,113503,211.5,C130,C
205,205,1,"Ross, Mr. John Hugo",male,36.0,0,0,13049,40.125,A10,C
206,206,2,"Lingane, Mr. John",male,61.0,0,0,235509,12.35,,Q
207,207,1,"Smith, Mr. Lucien Philip",male,24.0,1,0,13695,60.0,C31,S
208,208,1,"Evans, Miss. Edith Corse",female,36.0,0,0,PC 17531,31.6792,A29,C
209,209,3,"Lefebre, Mrs. Frank (Frances)",female,,0,4,4133,25.4667,,S
210,210,3,"Emanuel, Miss. Virginia Ethel",female,5.0,0,0,364516,12.475,,S
211,211,1,"Allen, Miss. Elisabeth Walton",female,29.0,0,0,24160,211.3375,B5,S
212,212,1,"Cavendish, Mrs. Tyrell William (Julia Florence Siegel)",female,76.0,1,0,19877,78.85,C46,S
213,213,2,"Christy, Mrs. (Alice Frances)",female,45.0,0,2,237789,30.0,,S
214,214,3,"Dimic, Mr. Jovan",male,42.0,0,0,315088,8.6625,,S
215,215,3,"Kennedy, Mr. John",male,,0,0,368783,7.75,,Q
216,216,2,"Caldwell, Mrs. Albert Francis (Sylvia Mae Harbaugh)",female,22.0,1,1,248738,29.0,,S
217,217,3,"Moussa, Mrs. (Mantoura Boulos)",female,,0,0,2626,7.2292,,C
218,218,1,"Taussig, Mrs. Emil (Tillie Mandelbaum)",female,39.0,1,1,110413,79.65,E67,S
219,219,3,"Gronnestad, Mr. Daniel Danielsen",male,32.0,0,0,8471,8.3625,,S
220,220,3,"Andersson, Mr. August Edvard (""Wennerstrom"")",male,27.0,0,0,350043,7.7958,,S
221,221,2,"Deacon, Mr. Percy William",male,17.0,0,0,S.O.C. 14879,73.5,,S
222,222,3,"Yousif, Mr. Wazli",male,,0,0,2647,7.225,,C
223,223,1,"Wick, Mr. George Dennick",male,57.0,1,1,36928,164.8667,,S
224,224,2,"Hodges, Mr. Henry Price",male,50.0,0,0,250643,13.0,,S
225,225,3,"Kalvik, Mr. Johannes Halvorsen",male,21.0,0,0,8475,8.4333,,S
226,226,3,"Caram, Mrs. Joseph (Maria Elias)",female,,1,0,2689,14.4583,,C
227,227,2,"Lamb, Mr. John Joseph",male,,0,0,240261,10.7083,,Q
228,228,3,"Lane, Mr. Patrick",male,,0,0,7935,7.75,,Q
229,229,2,"Ashby, Mr. John",male,57.0,0,0,244346,13.0,,S
230,230,1,"Graham, Mrs. William Thompson (Edith Junkins)",female,58.0,0,1,PC 17582,153.4625,C125,S
231,231,1,"Ismay, Mr. Joseph Bruce",male,49.0,0,0,112058,0.0,B52 B54 B56,S
232,232,2,"Pain, Dr. Alfred",male,23.0,0,0,244278,10.5,,S
233,233,1,"Chambers, Mrs. Norman Campbell (Bertha Griggs)",female,33.0,1,0,113806,53.1,E8,S
234,234,3,"Persson, Mr. Ernst Ulrik",male,25.0,1,0,347083,7.775,,S
235,235,3,"Sutehall, Mr. Henry Jr",male,25.0,0,0,SOTON/OQ 392076,7.05,,S
236,236,3,"Hassan, Mr. Houssein G N",male,11.0,0,0,2699,18.7875,,C
237,237,3,"Asplund, Mr. Carl Oscar Vilhelm Gustafsson",male,40.0,1,5,347077,31.3875,,S
238,238,3,"Bourke, Mr. John",male,40.0,1,1,364849,15.5,,Q
239,239,3,"Palsson, Miss. Stina Viola",female,3.0,3,1,349909,21.075,,S
240,240,1,"Barber, Miss. Ellen ""Nellie""",female,26.0,0,0,19877,78.85,,S
241,241,3,"Salkjelsvik, Miss. Anna Kristine",female,21.0,0,0,343120,7.65,,S
242,242,3,"Howard, Miss. May Elizabeth",female,,0,0,A. 2. 39186,8.05,,S
243,243,3,"Soholt, Mr. Peter Andreas Lauritz Andersen",male,19.0,0,0,348124,7.65,F G73,S
244,244,3,"Asplund, Mrs. Carl Oscar (Selma Augusta Emilia Johansson)",female,38.0,1,5,347077,31.3875,,S
245,245,3,"Mannion, Miss. Margareth",female,,0,0,36866,7.7375,,Q
246,246,3,"Gustafsson, Mr. Johan Birger",male,28.0,2,0,3101277,7.925,,S
247,247,3,"Vestrom, Miss. Hulda Amanda Adolfina",female,14.0,0,0,350406,7.8542,,S
248,248,3,"Cacic, Mr. Jego Grga",male,18.0,0,0,315091,8.6625,,S
249,249,1,"Newell, Mr. Arthur Webster",male,58.0,0,2,35273,113.275,D48,C
250,250,1,"Brewe, Dr. Arthur Jackson",male,,0,0,112379,39.6,,C
251,251,3,"Tornquist, Mr. William Henry",male,25.0,0,0,LINE,0.0,,S
252,252,3,"Emir, Mr. Farred Chehab",male,,0,0,2631,7.225,,C
253,253,2,"Nye, Mrs. (Elizabeth Ramell)",female,29.0,0,0,C.A. 29395,10.5,F33,S
254,254,1,"Ostby, Mr. Engelhart Cornelius",male,65.0,0,1,113509,61.9792,B30,C
255,255,3,"Ford, Mr. Arthur",male,,0,0,A/5 1478,8.05,,S
256,256,3,"Calic, Mr. Jovo",male,17.0,0,0,315093,8.6625,,S
257,257,1,"Brown, Mrs. John Murray (Caroline Lane Lamson)",female,59.0,2,0,11769,51.4792,C101,S
258,258,2,"Morley, Mr. Henry Samuel (""Mr Henry Marshall"")",male,39.0,0,0,250655,26.0,,S
259,259,3,"Sundman, Mr. Johan Julian",male,44.0,0,0,STON/O 2. 3101269,7.925,,S
260,260,2,"Renouf, Mrs. Peter Henry (Lillian Jefferys)",female,30.0,3,0,31027,21.0,,S
261,261,2,"Gill, Mr. John William",male,24.0,0,0,233866,13.0,,S
262,262,1,"Marechal, Mr. Pierre",male,,0,0,11774,29.7,C47,C
263,263,1,"Harper, Mrs. Henry Sleeper (Myna Haxtun)",female,49.0,1,0,PC 17572,76.7292,D33,C
264,264,1,"Daniel, Mr. Robert Williams",male,27.0,0,0,113804,30.5,,S
265,265,3,"Moubarek, Master. Halim Gonios (""William George"")",male,,1,1,2661,15.2458,,C
266,266,3,"Aronsson, Mr. Ernst Axel Algot",male,24.0,0,0,349911,7.775,,S
267,267,1,"Andrews, Mr. Thomas Jr",male,39.0,0,0,112050,0.0,A36,S
268,268,2,"Richard, Mr. Emile",male,23.0,0,0,SC/PARIS 2133,15.0458,,C
269,269,1,"Cassebeer, Mrs. Henry Arthur Jr (Eleanor Genevieve Fosdick)",female,,0,0,17770,27.7208,,C
270,270,1,"Williams-Lambert, Mr. Fletcher Fellows",male,,0,0,113510,35.0,C128,S
271,271,3,"Goodwin, Master. Sidney Leonard",male,1.0,5,2,CA 2144,46.9,,S
272,272,3,"Lemberopolous, Mr. Peter L",male,34.5,0,0,2683,6.4375,,C
273,273,3,"Betros, Mr. Tannous",male,20.0,0,0,2648,4.0125,,C
274,274,3,"Olsson, Mr. Nils Johan Goransson",male,28.0,0,0,347464,7.8542,,S
275,275,3,"Corn, Mr. Harry",male,30.0,0,0,SOTON/OQ 392090,8.05,,S
276,276,3,"Olsen, Mr. Henry Margido",male,28.0,0,0,C 4001,22.525,,S
277,277,2,"Veal, Mr. James",male,40.0,0,0,28221,13.0,,S
278,278,3,"Palsson, Mrs. Nils (Alma Cornelia Berglund)",female,29.0,0,4,349909,21.075,,S
279,279,1,"Lines, Mrs. Ernest H (Elizabeth Lindsey James)",female,51.0,0,1,PC 17592,39.4,D28,S
280,280,1,"Crosby, Miss. Harriet R",female,36.0,0,2,WE/P 5735,71.0,B22,S
281,281,1,"Meyer, Mrs. Edgar Joseph (Leila Saks)",female,,1,0,PC 17604,82.1708,,C
282,282,3,"Panula, Master. Juha Niilo",male,7.0,4,1,3101295,39.6875,,S
283,283,1,"Brandeis, Mr. Emil",male,48.0,0,0,PC 17591,50.4958,B10,C
284,284,3,"Robins, Mr. Alexander A",male,50.0,1,0,A/5. 3337,14.5,,S
285,285,3,"Olsvigen, Mr. Thor Anderson",male,20.0,0,0,6563,9.225,,S
286,286,3,"Healy, Miss. Hanora ""Nora""",female,,0,0,370375,7.75,,Q
287,287,3,"Duquemin, Mr. Joseph",male,24.0,0,0,S.O./P.P. 752,7.55,,S
288,288,1,"Stahelin-Maeglin, Dr. Max",male,32.0,0,0,13214,30.5,B50,C
289,289,1,"Minahan, Miss. Daisy E",female,33.0,1,0,19928,90.0,C78,Q
290,290,3,"Moubarek, Master. Gerios",male,,1,1,2661,15.2458,,C
291,291,2,"Hiltunen, Miss. Marta",female,18.0,1,1,250650,13.0,,S
292,292,1,"Klaber, Mr. Herman",male,,0,0,113028,26.55,C124,S
293,293,3,"Wenzel, Mr. Linhart",male,32.5,0,0,345775,9.5,,S
294,294,2,"Doling, Mrs. John T (Ada Julia Bone)",female,34.0,0,1,231919,23.0,,S
295,295,3,"Colbert, Mr. Patrick",male,24.0,0,0,371109,7.25,,Q
296,296,2,"Wheadon, Mr. Edward H",male,66.0,0,0,C.A. 24579,10.5,,S
297,297,3,"Keane, Mr. Andrew ""Andy""",male,,0,0,12460,7.75,,Q
298,298,2,"Kantor, Mrs. Sinai (Miriam Sternin)",female,24.0,1,0,244367,26.0,,S
299,299,3,"Tenglin, Mr. Gunnar Isidor",male,25.0,0,0,350033,7.7958,,S
300,300,1,"Rothes, the Countess. of (Lucy Noel Martha Dyer-Edwards)",female,33.0,0,0,110152,86.5,B77,S
301,301,1,"Andrews, Miss. Kornelia Theodosia",female,63.0,1,0,13502,77.9583,D7,S
302,302,2,"Sedgwick, Mr. Charles Frederick Waddington",male,25.0,0,0,244361,13.0,,S
303,303,3,"Zimmerman, Mr. Leo",male,29.0,0,0,315082,7.875,,S
304,304,1,"Goldenberg, Mr. Samuel L",male,49.0,1,0,17453,89.1042,C92,C
305,305,1,"Flynn, Mr. John Irwin (""Irving"")",male,36.0,0,0,PC 17474,26.3875,E25,S
306,306,1,"Williams, Mr. Richard Norris II",male,21.0,0,1,PC 17597,61.3792,,C
307,307,1,"Astor, Mrs. John Jacob (Madeleine Talmadge Force)",female,18.0,1,0,PC 17757,227.525,C62 C64,C
308,308,2,"Quick, Miss. Phyllis May",female,2.0,1,1,26360,26.0,,S
309,309,3,"Ibrahim Shawah, Mr. Yousseff",male,30.0,0,0,2685,7.2292,,C
310,310,1,"Newell, Miss. Marjorie",female,23.0,1,0,35273,113.275,D36,C
311,311,2,"Williams, Mr. Charles Eugene",male,,0,0,244373,13.0,,S
312,312,3,"Paulner, Mr. Uscher",male,,0,0,3411,8.7125,,C
313,313,2,"Hickman, Mr. Lewis",male,32.0,2,0,S.O.C. 14879,73.5,,S
314,314,3,"Johnson, Mrs. Oscar W (Elisabeth Vilhelmina Berg)",female,27.0,0,2,347742,11.1333,,S
315,315,3,"Coleff, Mr. Peju",male,36.0,0,0,349210,7.4958,,S
316,316,2,"Mellors, Mr. William John",male,19.0,0,0,SW/PP 751,10.5,,S
317,317,3,"Lundstrom, Mr. Thure Edvin",male,32.0,0,0,350403,7.5792,,S
318,318,3,"Rekic, Mr. Tido",male,38.0,0,0,349249,7.8958,,S
319,319,1,"Moore, Mr. Clarence Bloomfield",male,47.0,0,0,113796,42.4,,S
320,320,3,"Hirvonen, Mrs. Alexander (Helga E Lindqvist)",female,22.0,1,1,3101298,12.2875,,S
321,321,2,"Hickman, Mr. Leonard Mark",male,24.0,2,0,S.O.C. 14879,73.5,,S
322,322,1,"Smart, Mr. John Montgomery",male,56.0,0,0,113792,26.55,,S
323,323,3,"Lindell, Mrs. Edvard Bengtsson (Elin Gerda Persson)",female,30.0,1,0,349910,15.55,,S
324,324,2,"Abelson, Mr. Samuel",male,30.0,1,0,P/PP 3381,24.0,,C
325,325,3,"Jussila, Miss. Katriina",female,20.0,1,0,4136,9.825,,S
326,326,1,"Minahan, Mrs. William Edward (Lillian E Thorpe)",female,37.0,1,0,19928,90.0,C78,Q
327,327,3,"Wirz, Mr. Albert",male,27.0,0,0,315154,8.6625,,S
328,328,2,"Carter, Mrs. Ernest Courtenay (Lilian Hughes)",female,44.0,1,0,244252,26.0,,S
329,329,3,"Williams, Mr. Leslie",male,28.5,0,0,54636,16.1,,S
330,330,1,"Allison, Mrs. Hudson J C (Bessie Waldo Daniels)",female,25.0,1,2,113781,151.55,C22 C26,S
331,331,3,"Nilsson, Miss. Berta Olivia",female,18.0,0,0,347066,7.775,,S
332,332,3,"Cacic, Miss. Marija",female,30.0,0,0,315084,8.6625,,S
333,333,1,"Holverson, Mr. Alexander Oskar",male,42.0,1,0,113789,52.0,,S
334,334,2,"Norman, Mr. Robert Douglas",male,28.0,0,0,218629,13.5,,S
335,335,1,"Robert, Mrs. Edward Scott (Elisabeth Walton McMillan)",female,43.0,0,1,24160,211.3375,B3,S
336,336,3,"Olsen, Mr. Ole Martin",male,,0,0,Fa 265302,7.3125,,S
337,337,3,"Thorneycroft, Mrs. Percival (Florence Kate White)",female,,1,0,376564,16.1,,S
338,338,2,"Giles, Mr. Ralph",male,24.0,0,0,248726,13.5,,S
339,339,3,"Nankoff, Mr. Minko",male,,0,0,349218,7.8958,,S
340,340,3,"Baccos, Mr. Raffull",male,20.0,0,0,2679,7.225,,C
341,341,2,"Nicholls, Mr. Joseph Charles",male,19.0,1,1,C.A. 33112,36.75,,S
342,342,3,"Angheloff, Mr. Minko",male,26.0,0,0,349202,7.8958,,S
343,343,1,"Harris, Mrs. Henry Birkhardt (Irene Wallach)",female,35.0,1,0,36973,83.475,C83,S
344,344,3,"Johansson, Mr. Karl Johan",male,31.0,0,0,347063,7.775,,S
345,345,2,"Kirkland, Rev. Charles Leonard",male,57.0,0,0,219533,12.35,,Q
346,346,1,"Davidson, Mr. Thornton",male,31.0,1,0,F.C. 12750,52.0,B71,S
347,347,2,"Hart, Miss. Eva Miriam",female,7.0,0,2,F.C.C. 13529,26.25,,S
348,348,3,"Panula, Master. Eino Viljami",male,1.0,4,1,3101295,39.6875,,S
349,349,1,"Fortune, Mr. Charles Alexander",male,19.0,3,2,19950,263.0,C23 C25 C27,S
350,350,3,"Fox, Mr. Patrick",male,,0,0,368573,7.75,,Q
351,351,2,"Collander, Mr. Erik Gustaf",male,28.0,0,0,248740,13.0,,S
352,352,3,"Sage, Mr. Douglas Bullen",male,,8,2,CA. 2343,69.55,,S
353,353,3,"de Pelsmaeker, Mr. Alfons",male,16.0,0,0,345778,9.5,,S
354,354,3,"Boulos, Mrs. Joseph (Sultana)",female,,0,2,2678,15.2458,,C
355,355,2,"Hart, Mrs. Benjamin (Esther Ada Bloomfield)",female,45.0,1,1,F.C.C. 13529,26.25,,S
356,356,3,"Andersson, Miss. Ida Augusta Margareta",female,38.0,4,2,347091,7.775,,S
357,357,3,"Moore, Mr. Leonard Charles",male,,0,0,A4. 54510,8.05,,S
358,358,3,"Foley, Mr. William",male,,0,0,365235,7.75,,Q
359,359,3,"Conlon, Mr. Thomas Henry",male,31.0,0,0,21332,7.7333,,Q
360,360,3,"Riihivouri, Miss. Susanna Juhantytar Sanni""""",female,22.0,0,0,3101295,39.6875,,S
361,361,3,"Goodwin, Mr. Charles Edward",male,14.0,5,2,CA 2144,46.9,,S
362,362,2,"Meyer, Mr. August",male,39.0,0,0,248723,13.0,,S
363,363,3,"Sandstrom, Miss. Marguerite Rut",female,4.0,1,1,PP 9549,16.7,G6,S
364,364,3,"Ford, Mr. William Neal",male,16.0,1,3,W./C. 6608,34.375,,S
365,365,3,"Pearce, Mr. Ernest",male,,0,0,343271,7.0,,S
366,366,2,"Sobey, Mr. Samuel James Hayden",male,25.0,0,0,C.A. 29178,13.0,,S
367,367,3,"Dantcheff, Mr. Ristiu",male,25.0,0,0,349203,7.8958,,S
368,368,2,"Reynaldo, Ms. Encarnacion",female,28.0,0,0,230434,13.0,,S
369,369,1,"White, Mrs. John Stuart (Ella Holmes)",female,55.0,0,0,PC 17760,135.6333,C32,C
370,370,1,"Bjornstrom-Steffansson, Mr. Mauritz Hakan",male,28.0,0,0,110564,26.55,C52,S
371,371,2,"Hewlett, Mrs. (Mary D Kingcome) ",female,55.0,0,0,248706,16.0,,S
372,372,1,"Harper, Mr. Henry Sleeper",male,48.0,1,0,PC 17572,76.7292,D33,C
373,373,3,"Kink-Heilmann, Mrs. Anton (Luise Heilmann)",female,26.0,1,1,315153,22.025,,S
374,374,1,"Stead, Mr. William Thomas",male,62.0,0,0,113514,26.55,C87,S
375,375,3,"Canavan, Miss. Mary",female,21.0,0,0,364846,7.75,,Q
376,376,3,"Moor, Mrs. (Beila)",female,27.0,0,1,392096,12.475,E121,S
377,377,2,"Weisz, Mr. Leopold",male,27.0,1,0,228414,26.0,,S
378,378,3,"van Billiard, Master. Walter John",male,11.5,1,1,A/5. 851,14.5,,S
379,379,1,"Brown, Mrs. James Joseph (Margaret Tobin)",female,44.0,0,0,PC 17610,27.7208,B4,C
380,380,1,"Wilson, Miss. Helen Alice",female,31.0,0,0,16966,134.5,E39 E41,C
381,381,1,"Warren, Mrs. Frank Manley (Anna Sophia Atkinson)",female,60.0,1,0,110813,75.25,D37,C
382,382,1,"Icard, Miss. Amelie",female,38.0,0,0,113572,80.0,B28,
383,383,3,"Skoog, Master. Harald",male,4.0,3,2,347088,27.9,,S
384,384,3,"Slabenoff, Mr. Petco",male,,0,0,349214,7.8958,,S
385,385,2,"Hold, Mr. Stephen",male,44.0,1,0,26707,26.0,,S
386,386,3,"Turkula, Mrs. (Hedwig)",female,63.0,0,0,4134,9.5875,,S
387,387,3,"Rintamaki, Mr. Matti",male,35.0,0,0,STON/O 2. 3101273,7.125,,S
388,388,3,"Lang, Mr. Fang",male,26.0,0,0,1601,56.4958,,S
389,389,1,"Gibson, Mrs. Leonard (Pauline C Boeson)",female,45.0,0,1,112378,59.4,,C
390,390,1,"Duff Gordon, Lady. (Lucille Christiana Sutherland) (""Mrs Morgan"")",female,48.0,1,0,11755,39.6,A16,C
391,391,3,"Backstrom, Mr. Karl Alfred",male,32.0,1,0,3101278,15.85,,S
392,392,3,"Elias, Mr. Joseph Jr",male,17.0,1,1,2690,7.2292,,C
393,393,3,"Hagardon, Miss. Kate",female,17.0,0,0,AQ/3. 30631,7.7333,,Q
394,394,1,"Millet, Mr. Francis Davis",male,65.0,0,0,13509,26.55,E38,S
395,395,3,"de Mulder, Mr. Theodore",male,30.0,0,0,345774,9.5,,S
396,396,3,"Rice, Master. Arthur",male,4.0,4,1,382652,29.125,,Q
397,397,3,"Sadowitz, Mr. Harry",male,,0,0,LP 1588,7.575,,S
398,398,2,"Leitch, Miss. Jessie Wills",female,,0,0,248727,33.0,,S
399,399,2,"Gaskell, Mr. Alfred",male,16.0,0,0,239865,26.0,,S
400,400,3,"Linehan, Mr. Michael",male,,0,0,330971,7.8792,,Q
401,401,3,"Olsson, Miss. Elina",female,31.0,0,0,350407,7.8542,,S
402,402,2,"Harper, Miss. Annie Jessie ""Nina""",female,6.0,0,1,248727,33.0,,S
403,403,1,"Gracie, Col. Archibald IV",male,53.0,0,0,113780,28.5,C51,C
404,404,1,"Dick, Mr. Albert Adrian",male,31.0,1,0,17474,57.0,B20,S
405,405,3,"Rosblom, Mrs. Viktor (Helena Wilhelmina)",female,41.0,0,2,370129,20.2125,,S
406,406,3,"Mockler, Miss. Helen Mary ""Ellie""",female,,0,0,330980,7.8792,,Q
407,407,3,"Johannesen-Bratthammer, Mr. Bernt",male,,0,0,65306,8.1125,,S
408,408,3,"Elias, Mr. Joseph",male,39.0,0,2,2675,7.2292,,C
409,409,3,"O'Connor, Mr. Maurice",male,,0,0,371060,7.75,,Q
410,410,3,"Dennis, Mr. William",male,36.0,0,0,A/5 21175,7.25,,S
411,411,3,"de Messemaeker, Mr. Guillaume Joseph",male,36.5,1,0,345572,17.4,,S
412,412,3,"Tikkanen, Mr. Juho",male,32.0,0,0,STON/O 2. 3101293,7.925,,S
413,413,3,"Hedman, Mr. Oskar Arvid",male,27.0,0,0,347089,6.975,,S
414,414,3,"Rouse, Mr. Richard Henry",male,50.0,0,0,A/5 3594,8.05,,S
415,415,1,"Hoyt, Mrs. Frederick Maxfield (Jane Anne Forby)",female,35.0,1,0,19943,90.0,C93,S
416,416,3,"Hagland, Mr. Ingvald Olai Olsen",male,,1,0,65303,19.9667,,S
417,417,1,"Rosenbaum, Miss. Edith Louise",female,33.0,0,0,PC 17613,27.7208,A11,C
418,418,3,"Adams, Mr. John",male,26.0,0,0,341826,8.05,,S
419,419,2,"Ponesell, Mr. Martin",male,34.0,0,0,250647,13.0,,S
420,420,1,"Daly, Mr. Peter Denis ",male,51.0,0,0,113055,26.55,E17,S
421,421,3,"Cacic, Mr. Luka",male,38.0,0,0,315089,8.6625,,S
422,422,3,"Saade, Mr. Jean Nassr",male,,0,0,2676,7.225,,C
423,423,2,"Abelson, Mrs. Samuel (Hannah Wizosky)",female,28.0,1,0,P/PP 3381,24.0,,C
424,424,1,"Frauenthal, Dr. Henry William",male,50.0,2,0,PC 17611,133.65,,S
425,425,3,"Abrahamsson, Mr. Abraham August Johannes",male,20.0,0,0,SOTON/O2 3101284,7.925,,S
426,426,1,"Cumings, Mrs. John Bradley (Florence Briggs Thayer)",female,38.0,1,0,PC 17599,71.2833,C85,C
427,427,3,"Kassem, Mr. Fared",male,,0,0,2700,7.2292,,C
428,428,3,"Ryan, Mr. Patrick",male,,0,0,371110,24.15,,Q
429,429,3,"Carlsson, Mr. Carl Robert",male,24.0,0,0,350409,7.8542,,S
430,430,3,"Haas, Miss. Aloisia",female,24.0,0,0,349236,8.85,,S
431,431,1,"Molson, Mr. Harry Markland",male,55.0,0,0,113787,30.5,C30,S
432,432,3,"Harmer, Mr. Abraham (David Lishin)",male,25.0,0,0,374887,7.25,,S
433,433,3,"Johanson, Mr. Jakob Alfred",male,34.0,0,0,3101264,6.4958,,S
434,434,1,"Newell, Miss. Madeleine",female,31.0,1,0,35273,113.275,D36,C
435,435,1,"Warren, Mr. Frank Manley",male,64.0,1,0,110813,75.25,D37,C
436,436,3,"Sage, Miss. Dorothy Edith ""Dolly""",female,,8,2,CA. 2343,69.55,,S
437,437,3,"van Billiard, Mr. Austin Blyler",male,40.5,0,2,A/5. 851,14.5,,S
438,438,3,"Gallagher, Mr. Martin",male,25.0,0,0,36864,7.7417,,Q
439,439,1,"Dodge, Master. Washington",male,4.0,0,2,33638,81.8583,A34,S
440,440,3,"Danbom, Master. Gilbert Sigvard Emanuel",male,0.33,0,2,347080,14.4,,S
441,441,3,"Ilmakangas, Miss. Pieta Sofia",female,25.0,1,0,STON/O2. 3101271,7.925,,S
442,442,2,"Wilhelms, Mr. Charles",male,31.0,0,0,244270,13.0,,S
443,443,1,"Stengel, Mr. Charles Emil Henry",male,54.0,1,0,11778,55.4417,C116,C
444,444,3,"Zakarian, Mr. Mapriededer",male,26.5,0,0,2656,7.225,,C
445,445,3,"Rice, Master. Eric",male,7.0,4,1,382652,29.125,,Q
446,446,2,"Corbett, Mrs. Walter H (Irene Colvin)",female,30.0,0,0,237249,13.0,,S
447,447,2,"Sjostedt, Mr. Ernst Adolf",male,59.0,0,0,237442,13.5,,S
448,448,3,"Allum, Mr. Owen George",male,18.0,0,0,2223,8.3,,S
449,449,1,"Bowen, Miss. Grace Scott",female,45.0,0,0,PC 17608,262.375,,C
450,450,3,"Elias, Mr. Tannous",male,15.0,1,1,2695,7.2292,,C
451,451,3,"Sadlier, Mr. Matthew",male,,0,0,367655,7.7292,,Q
452,452,2,"Cameron, Miss. Clear Annie",female,35.0,0,0,F.C.C. 13528,21.0,,S
453,453,2,"Mellinger, Mrs. (Elizabeth Anne Maidment)",female,41.0,0,1,250644,19.5,,S
454,454,3,"Lefebre, Miss. Mathilde",female,,3,1,4133,25.4667,,S
455,455,1,"Thayer, Mr. John Borland Jr",male,17.0,0,2,17421,110.8833,C70,C
456,456,3,"Gustafsson, Mr. Anders Vilhelm",male,37.0,2,0,3101276,7.925,,S
457,457,1,"Earnshaw, Mrs. Boulton (Olive Potter)",female,23.0,0,1,11767,83.1583,C54,C
458,458,1,"Uruchurtu, Don. Manuel E",male,40.0,0,0,PC 17601,27.7208,,C
459,459,1,"Saalfeld, Mr. Adolphe",male,,0,0,19988,30.5,C106,S
460,460,2,"Pinsky, Mrs. (Rosa)",female,32.0,0,0,234604,13.0,,S
461,461,2,"Davies, Mrs. John Morgan (Elizabeth Agnes Mary White) ",female,48.0,0,2,C.A. 33112,36.75,,S
462,462,3,"Johnston, Mrs. Andrew G (Elizabeth Lily"" Watson)""",female,,1,2,W./C. 6607,23.45,,S
463,463,3,"Maenpaa, Mr. Matti Alexanteri",male,22.0,0,0,STON/O 2. 3101275,7.125,,S
464,464,2,"Angle, Mr. William A",male,34.0,1,0,226875,26.0,,S
465,465,1,"Baxter, Mr. Quigg Edmond",male,24.0,0,1,PC 17558,247.5208,B58 B60,C
466,466,2,"Jacobsohn, Mrs. Sidney Samuel (Amy Frances Christy)",female,24.0,2,1,243847,27.0,,S
467,467,2,"Stanton, Mr. Samuel Ward",male,41.0,0,0,237734,15.0458,,C
468,468,3,"O'Dwyer, Miss. Ellen ""Nellie""",female,,0,0,330959,7.8792,,Q
469,469,2,"Schmidt, Mr. August",male,26.0,0,0,248659,13.0,,S
470,470,1,"Hays, Mr. Charles Melville",male,55.0,1,1,12749,93.5,B69,S
471,471,3,"Rosblom, Miss. Salli Helena",female,2.0,1,1,370129,20.2125,,S
472,472,1,"Hays, Mrs. Charles Melville (Clara Jennings Gregg)",female,52.0,1,1,12749,93.5,B69,S
473,473,3,"Oreskovic, Mr. Luka",male,20.0,0,0,315094,8.6625,,S
474,474,3,"O'Brien, Mr. Thomas",male,,1,0,370365,15.5,,Q
475,475,2,"Givard, Mr. Hans Kristensen",male,30.0,0,0,250646,13.0,,S
476,476,1,"Hassab, Mr. Hammad",male,27.0,0,0,PC 17572,76.7292,D49,C
477,477,1,"Compton, Miss. Sara Rebecca",female,39.0,1,1,PC 17756,83.1583,E49,C
478,478,1,"Spedden, Master. Robert Douglas",male,6.0,0,2,16966,134.5,E34,C
479,479,3,"Laitinen, Miss. Kristina Sofia",female,37.0,0,0,4135,9.5875,,S
480,480,3,"Hart, Mr. Henry",male,,0,0,394140,6.8583,,Q
481,481,1,"Futrelle, Mrs. Jacques Heath (Lily May Peel)",female,35.0,1,0,113803,53.1,C123,S
482,482,1,"Greenfield, Mr. William Bertram",male,23.0,0,1,PC 17759,63.3583,D10 D12,C
483,483,2,"Beesley, Mr. Lawrence",male,34.0,0,0,248698,13.0,D56,S
484,484,3,"McCarthy, Miss. Catherine Katie""""",female,,0,0,383123,7.75,,Q
485,485,3,"Hanna, Mr. Mansour",male,23.5,0,0,2693,7.2292,,C
486,486,3,"Albimona, Mr. Nassef Cassem",male,26.0,0,0,2699,18.7875,,C
487,487,3,"Van Impe, Mr. Jean Baptiste",male,36.0,1,1,345773,24.15,,S
488,488,1,"Natsch, Mr. Charles H",male,37.0,0,1,PC 17596,29.7,C118,C
489,489,1,"Chambers, Mr. Norman Campbell",male,27.0,1,0,113806,53.1,E8,S
490,490,3,"Danoff, Mr. Yoto",male,27.0,0,0,349219,7.8958,,S
491,491,2,"Sinkkonen, Miss. Anna",female,30.0,0,0,250648,13.0,,S
492,492,2,"Hamalainen, Mrs. William (Anna)",female,24.0,0,2,250649,14.5,,S
493,493,3,"Stanley, Mr. Edward Roland",male,21.0,0,0,A/4 45380,8.05,,S
494,494,2,"Wheeler, Mr. Edwin Frederick""""",male,,0,0,SC/PARIS 2159,12.875,,S
495,495,3,"Flynn, Mr. James",male,,0,0,364851,7.75,,Q
496,496,1,"Dick, Mrs. Albert Adrian (Vera Gillespie)",female,17.0,1,0,17474,57.0,B20,S
497,497,1,"Bradley, Mr. George (""George Arthur Brayton"")",male,,0,0,111427,26.55,,S
498,498,1,"Allison, Mr. Hudson Joshua Creighton",male,30.0,1,2,113781,151.55,C22 C26,S
499,499,1,"Longley, Miss. Gretchen Fiske",female,21.0,0,0,13502,77.9583,D9,S
500,500,2,"Richards, Master. George Sibley",male,0.83,1,1,29106,18.75,,S
501,501,3,"Baclini, Miss. Helene Barbara",female,0.75,2,1,2666,19.2583,,C
502,502,2,"Laroche, Mr. Joseph Philippe Lemercier",male,25.0,1,2,SC/Paris 2123,41.5792,,C
503,503,1,"Ostby, Miss. Helene Ragnhild",female,22.0,0,1,113509,61.9792,B36,C
504,504,2,"Knight, Mr. Robert J",male,,0,0,239855,0.0,,S
505,505,1,"Kenyon, Mr. Frederick R",male,41.0,1,0,17464,51.8625,D21,S
506,506,3,"Davies, Mr. Joseph",male,17.0,2,0,A/4 48873,8.05,,S
507,507,3,"Skoog, Master. Karl Thorsten",male,10.0,3,2,347088,27.9,,S
508,508,1,"Case, Mr. Howard Brown",male,49.0,0,0,19924,26.0,,S
509,509,1,"Rheims, Mr. George Alexander Lucien",male,,0,0,PC 17607,39.6,,S
510,510,2,"Silven, Miss. Lyyli Karoliina",female,18.0,0,2,250652,13.0,,S
511,511,2,"Faunthorpe, Mrs. Lizzie (Elizabeth Anne Wilkinson)",female,29.0,1,0,2926,26.0,,S
512,512,3,"Badman, Miss. Emily Louisa",female,18.0,0,0,A/4 31416,8.05,,S
513,513,3,"Stoytcheff, Mr. Ilia",male,19.0,0,0,349205,7.8958,,S
514,514,1,"Dulles, Mr. William Crothers",male,39.0,0,0,PC 17580,29.7,A18,C
515,515,2,"Watt, Mrs. James (Elizabeth ""Bessie"" Inglis Milne)",female,40.0,0,0,C.A. 33595,15.75,,S
516,516,2,"Richards, Master. William Rowe",male,3.0,1,1,29106,18.75,,S
517,517,1,"Widener, Mrs. George Dunton (Eleanor Elkins)",female,50.0,1,1,113503,211.5,C80,C
518,518,1,"Taylor, Mrs. Elmer Zebley (Juliet Cummins Wright)",female,,1,0,19996,52.0,C126,S
519,519,2,"Mallet, Mr. Albert",male,31.0,1,1,S.C./PARIS 2079,37.0042,,C
520,520,3,"Strandberg, Miss. Ida Sofia",female,22.0,0,0,7553,9.8375,,S
521,521,2,"Jerwan, Mrs. Amin S (Marie Marthe Thuillard)",female,23.0,0,0,SC/AH Basle 541,13.7917,D,C
522,522,3,"Bostandyeff, Mr. Guentcho",male,26.0,0,0,349224,7.8958,,S
523,523,3,"Johnston, Mr. Andrew G",male,,1,2,W./C. 6607,23.45,,S
524,524,2,"Laroche, Mrs. Joseph (Juliette Marie Louise Lafargue)",female,22.0,1,2,SC/Paris 2123,41.5792,,C
525,525,1,"Penasco y Castellana, Mr. Victor de Satode",male,18.0,1,0,PC 17758,108.9,C65,C
526,526,2,"Herman, Miss. Alice",female,24.0,1,2,220845,65.0,,S
527,527,2,"Harris, Mr. George",male,62.0,0,0,S.W./PP 752,10.5,,S
528,528,2,"Becker, Mrs. Allen Oliver (Nellie E Baumgardner)",female,36.0,0,3,230136,39.0,F4,S
529,529,1,"Ringhini, Mr. Sante",male,22.0,0,0,PC 17760,135.6333,,C
530,530,1,"Homer, Mr. Harry (""Mr E Haven"")",male,35.0,0,0,111426,26.55,,C
531,531,1,"White, Mr. Percival Wayland",male,54.0,0,1,35281,77.2875,D26,S
532,532,3,"Skoog, Mr. Wilhelm",male,40.0,1,4,347088,27.9,,S
533,533,3,"Wiklund, Mr. Karl Johan",male,21.0,1,0,3101266,6.4958,,S
534,534,3,"Lovell, Mr. John Hall (""Henry"")",male,20.5,0,0,A/5 21173,7.25,,S
535,535,1,"Maioni, Miss. Roberta",female,16.0,0,0,110152,86.5,B79,S
536,536,3,"Dean, Master. Bertram Vere",male,1.0,1,2,C.A. 2315,20.575,,S
537,537,1,"Lesurer, Mr. Gustave J",male,35.0,0,0,PC 17755,512.3292,B101,C
538,538,2,"Milling, Mr. Jacob Christian",male,48.0,0,0,234360,13.0,,S
539,539,1,"Fortune, Mrs. Mark (Mary McDougald)",female,60.0,1,4,19950,263.0,C23 C25 C27,S
540,540,3,"Dooley, Mr. Patrick",male,32.0,0,0,370376,7.75,,Q
541,541,3,"Williams, Mr. Howard Hugh ""Harry""",male,,0,0,A/5 2466,8.05,,S
542,542,1,"Harder, Mr. George Achilles",male,25.0,1,0,11765,55.4417,E50,C
543,543,3,"Assaf, Mr. Gerios",male,21.0,0,0,2692,7.225,,C
544,544,3,"Bradley, Miss. Bridget Delia",female,22.0,0,0,334914,7.725,,Q
545,545,3,"Franklin, Mr. Charles (Charles Fardon)",male,,0,0,SOTON/O.Q. 3101314,7.25,,S
546,546,3,"Petroff, Mr. Nedelio",male,19.0,0,0,349212,7.8958,,S
547,547,3,"Mahon, Mr. John",male,,0,0,AQ/4 3130,7.75,,Q
548,548,2,"Bowenur, Mr. Solomon",male,42.0,0,0,211535,13.0,,S
549,549,2,"Baimbrigge, Mr. Charles Robert",male,23.0,0,0,C.A. 31030,10.5,,S
550,550,1,"Mock, Mr. Philipp Edmund",male,30.0,1,0,13236,57.75,C78,C
551,551,2,"Byles, Rev. Thomas Roussel Davids",male,42.0,0,0,244310,13.0,,S
552,552,2,"Collyer, Mrs. Harvey (Charlotte Annie Tate)",female,31.0,1,1,C.A. 31921,26.25,,S
553,553,2,"Herman, Mr. Samuel",male,49.0,1,2,220845,65.0,,S
554,554,2,"Kvillner, Mr. Johan Henrik Johannesson",male,31.0,0,0,C.A. 18723,10.5,,S
555,555,2,"Weisz, Mrs. Leopold (Mathilde Francoise Pede)",female,29.0,1,0,228414,26.0,,S
556,556,1,"Cardeza, Mr. Thomas Drake Martinez",male,36.0,0,1,PC 17755,512.3292,B51 B53 B55,C
557,557,1,"Compton, Mrs. Alexander Taylor (Mary Eliza Ingersoll)",female,64.0,0,2,PC 17756,83.1583,E45,C
558,558,1,"Frauenthal, Mr. Isaac Gerald",male,43.0,1,0,17765,27.7208,D40,C
559,559,3,"Gustafsson, Mr. Karl Gideon",male,19.0,0,0,347069,7.775,,S
560,560,2,"Hart, Mr. Benjamin",male,43.0,1,1,F.C.C. 13529,26.25,,S
561,561,2,"Giles, Mr. Edgar",male,21.0,1,0,28133,11.5,,S
562,562,2,"Sweet, Mr. George Frederick",male,14.0,0,0,220845,65.0,,S
563,563,1,"Harris, Mr. Henry Birkhardt",male,45.0,1,0,36973,83.475,C83,S
564,564,3,"Brobeck, Mr. Karl Rudolf",male,22.0,0,0,350045,7.7958,,S
565,565,2,"West, Mrs. Edwy Arthur (Ada Mary Worth)",female,33.0,1,2,C.A. 34651,27.75,,S
566,566,3,"Calic, Mr. Petar",male,17.0,0,0,315086,8.6625,,S
567,567,3,"Lobb, Mr. William Arthur",male,30.0,1,0,A/5. 3336,16.1,,S
568,568,3,"Zabour, Miss. Thamine",female,,1,0,2665,14.4542,,C
569,569,3,"Spector, Mr. Woolf",male,,0,0,A.5. 3236,8.05,,S
570,570,3,"Heininen, Miss. Wendla Maria",female,23.0,0,0,STON/O2. 3101290,7.925,,S
571,571,3,"Coutts, Master. Eden Leslie ""Neville""",male,9.0,1,1,C.A. 37671,15.9,,S
572,572,1,"Jones, Mr. Charles Cresson",male,46.0,0,0,694,26.0,,S
573,573,1,"Bazzani, Miss. Albina",female,32.0,0,0,11813,76.2917,D15,C
574,574,3,"Baclini, Miss. Marie Catherine",female,5.0,2,1,2666,19.2583,,C
575,575,1,"Harrison, Mr. William",male,40.0,0,0,112059,0.0,B94,S
576,576,3,"Naughton, Miss. Hannah",female,,0,0,365237,7.75,,Q
577,577,3,"Niklasson, Mr. Samuel",male,28.0,0,0,363611,8.05,,S
578,578,3,"Cribb, Miss. Laura Alice",female,17.0,0,1,371362,16.1,,S
579,579,3,"Dika, Mr. Mirko",male,17.0,0,0,349232,7.8958,,S
580,580,3,"Skoog, Miss. Margit Elizabeth",female,2.0,3,2,347088,27.9,,S
581,581,3,"Waelens, Mr. Achille",male,22.0,0,0,345767,9.0,,S
582,582,2,"Brown, Mr. Thomas William Solomon",male,60.0,1,1,29750,39.0,,S
583,583,3,"Peacock, Miss. Treasteall",female,3.0,1,1,SOTON/O.Q. 3101315,13.775,,S
584,584,3,"Badt, Mr. Mohamed",male,40.0,0,0,2623,7.225,,C
585,585,2,"Howard, Mrs. Benjamin (Ellen Truelove Arman)",female,60.0,1,0,24065,26.0,,S
586,586,2,"Levy, Mr. Rene Jacques",male,36.0,0,0,SC/Paris 2163,12.875,D,C
587,587,1,"Thorne, Mrs. Gertrude Maybelle",female,,0,0,PC 17585,79.2,,C
588,588,2,"Nasser, Mrs. Nicholas (Adele Achem)",female,14.0,1,0,237736,30.0708,,C
589,589,3,"Smiljanic, Mr. Mile",male,,0,0,315037,8.6625,,S
590,590,3,"Goodwin, Mr. Charles Frederick",male,40.0,1,6,CA 2144,46.9,,S
591,591,3,"Duane, Mr. Frank",male,65.0,0,0,336439,7.75,,Q
592,592,3,"Backstrom, Mrs. Karl Alfred (Maria Mathilda Gustafsson)",female,33.0,3,0,3101278,15.85,,S
593,593,3,"O'Donoghue, Ms. Bridget",female,,0,0,364856,7.75,,Q
594,594,1,"Borebank, Mr. John James",male,42.0,0,0,110489,26.55,D22,S
595,595,1,"Hawksford, Mr. Walter James",male,,0,0,16988,30.0,D45,S
596,596,1,"Williams, Mr. Charles Duane",male,51.0,0,1,PC 17597,61.3792,,C
597,597,3,"Asplund, Miss. Lillian Gertrud",female,5.0,4,2,347077,31.3875,,S
598,598,1,"Frolicher-Stehli, Mrs. Maxmillian (Margaretha Emerentia Stehli)",female,48.0,1,1,13567,79.2,B41,C
599,599,3,"Lindell, Mr. Edvard Bengtsson",male,36.0,1,0,349910,15.55,,S
600,600,1,"Cairns, Mr. Alexander",male,,0,0,113798,31.0,,S
601,601,3,"Sheerlinck, Mr. Jan Baptist",male,29.0,0,0,345779,9.5,,S
602,602,3,"Danbom, Mr. Ernst Gilbert",male,34.0,1,1,347080,14.4,,S
603,603,3,"Foo, Mr. Choong",male,,0,0,1601,56.4958,,S
604,604,3,"Devaney, Miss. Margaret Delia",female,19.0,0,0,330958,7.8792,,Q
605,605,2,"Kelly, Mrs. Florence ""Fannie""",female,45.0,0,0,223596,13.5,,S
606,606,3,"Madigan, Miss. Margaret ""Maggie""",female,,0,0,370370,7.75,,Q
607,607,1,"Carter, Miss. Lucile Polk",female,14.0,1,2,113760,120.0,B96 B98,S
608,608,1,"Carlsson, Mr. Frans Olof",male,33.0,0,0,695,5.0,B51 B53 B55,S
609,609,2,"Nesson, Mr. Israel",male,26.0,0,0,244368,13.0,F2,S
610,610,2,"Pulbaum, Mr. Franz",male,27.0,0,0,SC/PARIS 2168,15.0333,,C
611,611,3,"Assaf Khalil, Mrs. Mariana (Miriam"")""",female,45.0,0,0,2696,7.225,,C
612,612,1,"Hippach, Miss. Jean Gertrude",female,16.0,0,1,111361,57.9792,B18,C
613,613,1,"Ryerson, Master. John Borie",male,13.0,2,2,PC 17608,262.375,B57 B59 B63 B66,C
614,614,1,"Taylor, Mr. Elmer Zebley",male,48.0,1,0,19996,52.0,C126,S
615,615,3,"Kelly, Mr. James",male,34.5,0,0,330911,7.8292,,Q
616,616,2,"Mudd, Mr. Thomas Charles",male,16.0,0,0,S.O./P.P. 3,10.5,,S
617,617,1,"Nicholson, Mr. Arthur Ernest",male,64.0,0,0,693,26.0,,S
618,618,3,"Ling, Mr. Lee",male,28.0,0,0,1601,56.4958,,S
619,619,3,"Coutts, Mrs. William (Winnie Minnie"" Treanor)""",female,36.0,0,2,C.A. 37671,15.9,,S
620,620,1,"Cavendish, Mr. Tyrell William",male,36.0,1,0,19877,78.85,C46,S
621,621,2,"Clarke, Mr. Charles Valentine",male,29.0,1,0,2003,26.0,,S
622,622,1,"Ovies y Rodriguez, Mr. Servando",male,28.5,0,0,PC 17562,27.7208,D43,C
623,623,2,"Mallet, Master. Andre",male,1.0,0,2,S.C./PARIS 2079,37.0042,,C
624,624,3,"Strom, Mrs. Wilhelm (Elna Matilda Persson)",female,29.0,1,1,347054,10.4625,G6,S
625,625,3,"Davison, Mrs. Thomas Henry (Mary E Finck)",female,,1,0,386525,16.1,,S
626,626,2,"Toomey, Miss. Ellen",female,50.0,0,0,F.C.C. 13531,10.5,,S
627,627,2,"del Carlo, Mr. Sebastiano",male,29.0,1,0,SC/PARIS 2167,27.7208,,C
628,628,3,"Moutal, Mr. Rahamin Haim",male,,0,0,374746,8.05,,S
629,629,3,"Lindahl, Miss. Agda Thorilda Viktoria",female,25.0,0,0,347071,7.775,,S
630,630,2,"Herman, Miss. Kate",female,24.0,1,2,220845,65.0,,S
631,631,2,"Swane, Mr. George",male,18.5,0,0,248734,13.0,F,S
632,632,3,"Cook, Mr. Jacob",male,43.0,0,0,A/5 3536,8.05,,S
633,633,3,"Goodwin, Mrs. Frederick (Augusta Tyler)",female,43.0,1,6,CA 2144,46.9,,S
634,634,1,"Potter, Mrs. Thomas Jr (Lily Alexenia Wilson)",female,56.0,0,1,11767,83.1583,C50,C
635,635,1,"Snyder, Mr. John Pillsbury",male,24.0,1,0,21228,82.2667,B45,S
636,636,1,"Lindstrom, Mrs. Carl Johan (Sigrid Posse)",female,55.0,0,0,112377,27.7208,,C
637,637,3,"Stanley, Miss. Amy Zillah Elsie",female,23.0,0,0,CA. 2314,7.55,,S
638,638,2,"Davis, Miss. Mary",female,28.0,0,0,237668,13.0,,S
639,639,1,"Reuchlin, Jonkheer. John George",male,38.0,0,0,19972,0.0,,S
640,640,3,"Saether, Mr. Simon Sivertsen",male,38.5,0,0,SOTON/O.Q. 3101262,7.25,,S
641,641,2,"Bracken, Mr. James H",male,27.0,0,0,220367,13.0,,S
642,642,2,"Myles, Mr. Thomas Francis",male,62.0,0,0,240276,9.6875,,Q
643,643,3,"Mahon, Miss. Bridget Delia",female,,0,0,330924,7.8792,,Q
644,644,2,"Jarvis, Mr. John Denzil",male,47.0,0,0,237565,15.0,,S
645,645,2,"Fillbrook, Mr. Joseph Charles",male,18.0,0,0,C.A. 15185,10.5,,S
646,646,3,"Augustsson, Mr. Albert",male,23.0,0,0,347468,7.8542,,S
647,647,3,"Pekoniemi, Mr. Edvard",male,21.0,0,0,STON/O 2. 3101294,7.925,,S
648,648,3,"Kallio, Mr. Nikolai Erland",male,17.0,0,0,STON/O 2. 3101274,7.125,,S
649,649,3,"Asplund, Master. Filip Oscar",male,13.0,4,2,347077,31.3875,,S
650,650,1,"Julian, Mr. Henry Forbes",male,50.0,0,0,113044,26.0,E60,S
651,651,2,"Harris, Mr. Walter",male,30.0,0,0,W/C 14208,10.5,,S
652,652,3,"Boulos, Miss. Nourelain",female,9.0,1,1,2678,15.2458,,C
653,653,3,"Ali, Mr. William",male,25.0,0,0,SOTON/O.Q. 3101312,7.05,,S
654,654,3,"Carver, Mr. Alfred John",male,28.0,0,0,392095,7.25,,S
655,655,3,"Torber, Mr. Ernst William",male,44.0,0,0,364511,8.05,,S
656,656,3,"Johansson Palmquist, Mr. Oskar Leander",male,26.0,0,0,347070,7.775,,S
657,657,2,"Gilbert, Mr. William",male,47.0,0,0,C.A. 30769,10.5,,S
658,658,3,"Carlsson, Mr. August Sigfrid",male,28.0,0,0,350042,7.7958,,S
659,659,2,"Hamalainen, Master. Viljo",male,0.67,1,1,250649,14.5,,S
660,660,2,"Eitemiller, Mr. George Floyd",male,23.0,0,0,29751,13.0,,S
661,661,3,"Hansen, Mr. Henry Damsgaard",male,21.0,0,0,350029,7.8542,,S
662,662,3,"Moss, Mr. Albert Johan",male,,0,0,312991,7.775,,S
663,663,3,"Peacock, Master. Alfred Edward",male,0.75,1,1,SOTON/O.Q. 3101315,13.775,,S
664,664,1,"Fleming, Miss. Margaret",female,,0,0,17421,110.8833,,C
665,665,3,"Sunderland, Mr. Victor Francis",male,16.0,0,0,SOTON/OQ 392089,8.05,,S
666,666,2,"Collyer, Miss. Marjorie ""Lottie""",female,8.0,0,2,C.A. 31921,26.25,,S
667,667,3,"Edvardsson, Mr. Gustaf Hjalmar",male,18.0,0,0,349912,7.775,,S
668,668,3,"Larsson-Rondberg, Mr. Edvard A",male,22.0,0,0,347065,7.775,,S
669,669,2,"Renouf, Mr. Peter Henry",male,34.0,1,0,31027,21.0,,S
670,670,3,"Glynn, Miss. Mary Agatha",female,,0,0,335677,7.75,,Q
671,671,2,"Phillips, Mr. Escott Robert",male,43.0,0,1,S.O./P.P. 2,21.0,,S
672,672,3,"Perkin, Mr. John Henry",male,22.0,0,0,A/5 21174,7.25,,S
673,673,2,"Cunningham, Mr. Alfred Fleming",male,,0,0,239853,0.0,,S
674,674,3,"Karlsson, Mr. Julius Konrad Eugen",male,33.0,0,0,347465,7.8542,,S
675,675,3,"Attalah, Mr. Sleiman",male,30.0,0,0,2694,7.225,,C
676,676,3,"Ford, Mr. Edward Watson",male,18.0,2,2,W./C. 6608,34.375,,S
677,677,3,"Hansen, Mrs. Claus Peter (Jennie L Howard)",female,45.0,1,0,350026,14.1083,,S
678,678,1,"Smith, Mr. James Clinch",male,56.0,0,0,17764,30.6958,A7,C
679,679,3,"Vande Velde, Mr. Johannes Joseph",male,33.0,0,0,345780,9.5,,S
680,680,1,"Pears, Mrs. Thomas (Edith Wearne)",female,22.0,1,0,113776,66.6,C2,S
681,681,3,"Johnson, Mr. Malkolm Joackim",male,33.0,0,0,347062,7.775,,S
682,682,3,"Masselmani, Mrs. Fatima",female,,0,0,2649,7.225,,C
683,683,3,"Brocklebank, Mr. William Alfred",male,35.0,0,0,364512,8.05,,S
684,684,3,"McNeill, Miss. Bridget",female,,0,0,370368,7.75,,Q
685,685,3,"Reynolds, Mr. Harold J",male,21.0,0,0,342684,8.05,,S
686,686,1,"Wick, Mrs. George Dennick (Mary Hitchcock)",female,45.0,1,1,36928,164.8667,,S
687,687,3,"Boulos, Master. Akar",male,6.0,1,1,2678,15.2458,,C
688,688,3,"Laleff, Mr. Kristo",male,,0,0,349217,7.8958,,S
689,689,3,"Goldsmith, Mrs. Frank John (Emily Alice Brown)",female,31.0,1,1,363291,20.525,,S
690,690,2,"Phillips, Miss. Kate Florence (""Mrs Kate Louise Phillips Marshall"")",female,19.0,0,0,250655,26.0,,S
691,691,2,"Collyer, Mr. Harvey",male,31.0,1,1,C.A. 31921,26.25,,S
692,692,1,"Mayne, Mlle. Berthe Antonine (""Mrs de Villiers"")",female,24.0,0,0,PC 17482,49.5042,C90,C
693,693,2,"Butler, Mr. Reginald Fenton",male,25.0,0,0,234686,13.0,,S
694,694,3,"Simmons, Mr. John",male,,0,0,SOTON/OQ 392082,8.05,,S
695,695,2,"Oxenham, Mr. Percy Thomas",male,22.0,0,0,W./C. 14260,10.5,,S
696,696,3,"Svensson, Mr. Johan",male,74.0,0,0,347060,7.775,,S
697,697,3,"Mardirosian, Mr. Sarkis",male,,0,0,2655,7.2292,F E46,C
698,698,3,"Vartanian, Mr. David",male,22.0,0,0,2658,7.225,,C
699,699,3,"Madsen, Mr. Fridtjof Arne",male,24.0,0,0,C 17369,7.1417,,S
700,700,3,"Ivanoff, Mr. Kanio",male,,0,0,349201,7.8958,,S
701,701,3,"Touma, Master. Georges Youssef",male,7.0,1,1,2650,15.2458,,C
702,702,3,"Wiseman, Mr. Phillippe",male,,0,0,A/4. 34244,7.25,,S
703,703,2,"Lemore, Mrs. (Amelia Milley)",female,34.0,0,0,C.A. 34260,10.5,F33,S
704,704,3,"Rogers, Mr. William John",male,,0,0,S.C./A.4. 23567,8.05,,S
705,705,1,"Parr, Mr. William Henry Marsh",male,,0,0,112052,0.0,,S
706,706,3,"Aks, Master. Philip Frank",male,0.83,0,1,392091,9.35,,S
707,707,3,"Pokrnic, Mr. Tome",male,24.0,0,0,315092,8.6625,,S
708,708,3,"Andersson, Miss. Sigrid Elisabeth",female,11.0,4,2,347082,31.275,,S
709,709,3,"Rice, Mrs. William (Margaret Norton)",female,39.0,0,5,382652,29.125,,Q
710,710,3,"Khalil, Mrs. Betros (Zahie Maria"" Elias)""",female,,1,0,2660,14.4542,,C
711,711,3,"Olsson, Mr. Oscar Wilhelm",male,32.0,0,0,347079,7.775,,S
712,712,3,"Lennon, Miss. Mary",female,,1,0,370371,15.5,,Q
713,713,3,"Ryan, Mr. Edward",male,,0,0,383162,7.75,,Q
714,714,1,"Douglas, Mrs. Frederick Charles (Mary Helene Baxter)",female,27.0,1,1,PC 17558,247.5208,B58 B60,C
715,715,3,"Arnold-Franchi, Mr. Josef",male,25.0,1,0,349237,17.8,,S
716,716,1,"Spencer, Mr. William Augustus",male,57.0,1,0,PC 17569,146.5208,B78,C
717,717,3,"Crease, Mr. Ernest James",male,19.0,0,0,S.P. 3464,8.1583,,S
718,718,3,"Carr, Miss. Helen ""Ellen""",female,16.0,0,0,367231,7.75,,Q
719,719,3,"Vendel, Mr. Olof Edvin",male,20.0,0,0,350416,7.8542,,S
720,720,3,"Cann, Mr. Ernest Charles",male,21.0,0,0,A./5. 2152,8.05,,S
721,721,2,"Banfield, Mr. Frederick James",male,28.0,0,0,C.A./SOTON 34068,10.5,,S
722,722,3,"Skoog, Mrs. William (Anna Bernhardina Karlsson)",female,45.0,1,4,347088,27.9,,S
723,723,3,"Vander Planke, Mrs. Julius (Emelia Maria Vandemoortele)",female,31.0,1,0,345763,18.0,,S
724,724,1,"Rowe, Mr. Alfred G",male,33.0,0,0,113790,26.55,,S
725,725,3,"Chip, Mr. Chang",male,32.0,0,0,1601,56.4958,,S
726,726,3,"Birkeland, Mr. Hans Martin Monsen",male,21.0,0,0,312992,7.775,,S
727,727,3,"Klasen, Miss. Gertrud Emilia",female,1.0,1,1,350405,12.1833,,S
728,728,2,"Parrish, Mrs. (Lutie Davis)",female,50.0,0,1,230433,26.0,,S
729,729,1,"Straus, Mrs. Isidor (Rosalie Ida Blun)",female,63.0,1,0,PC 17483,221.7792,C55 C57,S
730,730,2,"Howard, Mr. Benjamin",male,63.0,1,0,24065,26.0,,S
731,731,3,"Gilnagh, Miss. Katherine ""Katie""",female,16.0,0,0,35851,7.7333,,Q
732,732,3,"Oreskovic, Miss. Marija",female,20.0,0,0,315096,8.6625,,S
733,733,3,"Jalsevac, Mr. Ivan",male,29.0,0,0,349240,7.8958,,C
734,734,1,"Thayer, Mr. John Borland",male,49.0,1,1,17421,110.8833,C68,C
735,735,2,"Harper, Rev. John",male,28.0,0,1,248727,33.0,,S
736,736,3,"Samaan, Mr. Youssef",male,,2,0,2662,21.6792,,C
737,737,3,"Stranden, Mr. Juho",male,31.0,0,0,STON/O 2. 3101288,7.925,,S
738,738,3,"Peacock, Mrs. Benjamin (Edith Nile)",female,26.0,0,2,SOTON/O.Q. 3101315,13.775,,S
739,739,3,"Webber, Mr. James",male,,0,0,SOTON/OQ 3101316,8.05,,S
740,740,3,"Davies, Mr. Alfred J",male,24.0,2,0,A/4 48871,24.15,,S
741,741,3,"Ford, Mrs. Edward (Margaret Ann Watson)",female,48.0,1,3,W./C. 6608,34.375,,S
742,742,1,"Head, Mr. Christopher",male,42.0,0,0,113038,42.5,B11,S
743,743,2,"Quick, Mrs. Frederick Charles (Jane Richards)",female,33.0,0,2,26360,26.0,,S
744,744,3,"Windelov, Mr. Einar",male,21.0,0,0,SOTON/OQ 3101317,7.25,,S
745,745,3,"Peter, Master. Michael J",male,,1,1,2668,22.3583,,C
746,746,3,"Osman, Mrs. Mara",female,31.0,0,0,349244,8.6833,,S
747,747,3,"Morley, Mr. William",male,34.0,0,0,364506,8.05,,S
748,748,1,"Fortune, Miss. Alice Elizabeth",female,24.0,3,2,19950,263.0,C23 C25 C27,S
749,749,1,"Lindeberg-Lind, Mr. Erik Gustaf (Mr Edward Lingrey"")""",male,42.0,0,0,17475,26.55,,S
750,750,1,"Long, Mr. Milton Clyde",male,29.0,0,0,113501,30.0,D6,S
751,751,1,"Beckwith, Mr. Richard Leonard",male,37.0,1,1,11751,52.5542,D35,S
752,752,2,"Chapman, Mrs. John Henry (Sara Elizabeth Lawry)",female,29.0,1,0,SC/AH 29037,26.0,,S
753,753,1,"Carrau, Mr. Francisco M",male,28.0,0,0,113059,47.1,,S
754,754,1,"Ward, Miss. Anna",female,35.0,0,0,PC 17755,512.3292,,C
755,755,1,"Bowerman, Miss. Elsie Edith",female,22.0,0,1,113505,55.0,E33,S
756,756,3,"Yasbeck, Mrs. Antoni (Selini Alexander)",female,15.0,1,0,2659,14.4542,,C
757,757,2,"Giles, Mr. Frederick Edward",male,21.0,1,0,28134,11.5,,S
758,758,3,"Assam, Mr. Ali",male,23.0,0,0,SOTON/O.Q. 3101309,7.05,,S
759,759,3,"Lulic, Mr. Nikola",male,27.0,0,0,315098,8.6625,,S
760,760,3,"Baclini, Mrs. Solomon (Latifa Qurban)",female,24.0,0,3,2666,19.2583,,C
761,761,3,"Abrahim, Mrs. Joseph (Sophie Halaut Easu)",female,18.0,0,0,2657,7.2292,,C
762,762,1,"Bonnell, Miss. Caroline",female,30.0,0,0,36928,164.8667,C7,S
763,763,3,"Karun, Miss. Manca",female,4.0,0,1,349256,13.4167,,C
764,764,3,"Vanden Steen, Mr. Leo Peter",male,28.0,0,0,345783,9.5,,S
765,765,1,"Eustis, Miss. Elizabeth Mussey",female,54.0,1,0,36947,78.2667,D20,C
766,766,2,"Otter, Mr. Richard",male,39.0,0,0,28213,13.0,,S
767,767,2,"McKane, Mr. Peter David",male,46.0,0,0,28403,26.0,,S
768,768,3,"McCoy, Miss. Agnes",female,,2,0,367226,23.25,,Q
769,769,2,"Hosono, Mr. Masabumi",male,42.0,0,0,237798,13.0,,S
770,770,3,"Harknett, Miss. Alice Phoebe",female,,0,0,W./C. 6609,7.55,,S
771,771,3,"Pickard, Mr. Berk (Berk Trembisky)",male,32.0,0,0,SOTON/O.Q. 392078,8.05,E10,S
772,772,1,"Chevre, Mr. Paul Romaine",male,45.0,0,0,PC 17594,29.7,A9,C
773,773,1,"Frolicher, Miss. Hedwig Margaritha",female,22.0,0,2,13568,49.5,B39,C
774,774,1,"Lurette, Miss. Elise",female,58.0,0,0,PC 17569,146.5208,B80,C
775,775,1,"Snyder, Mrs. John Pillsbury (Nelle Stevenson)",female,23.0,1,0,21228,82.2667,B45,S
776,776,2,"Andrew, Mr. Edgardo Samuel",male,18.0,0,0,231945,11.5,,S
777,777,2,"Montvila, Rev. Juozas",male,27.0,0,0,211536,13.0,,S
778,778,3,"Goodwin, Master. William Frederick",male,11.0,5,2,CA 2144,46.9,,S
779,779,3,"Ali, Mr. Ahmed",male,24.0,0,0,SOTON/O.Q. 3101311,7.05,,S
780,780,1,"Chisholm, Mr. Roderick Robert Crispin",male,,0,0,112051,0.0,,S
781,781,2,"Downton, Mr. William James",male,54.0,0,0,28403,26.0,,S
782,782,3,"Samaan, Mr. Elias",male,,2,0,2662,21.6792,,C
783,783,2,"Nasser, Mr. Nicholas",male,32.5,1,0,237736,30.0708,,C
784,784,2,"Collett, Mr. Sidney C Stuart",male,24.0,0,0,28034,10.5,,S
785,785,3,"Bourke, Miss. Mary",female,,0,2,364848,7.75,,Q
786,786,3,"Hirvonen, Miss. Hildur E",female,2.0,0,1,3101298,12.2875,,S
787,787,3,"Lam, Mr. Len",male,,0,0,1601,56.4958,,S
788,788,3,"Abelseth, Miss. Karen Marie",female,16.0,0,0,348125,7.65,,S
789,789,2,"Slemen, Mr. Richard James",male,35.0,0,0,28206,10.5,,S
790,790,1,"Aubart, Mme. Leontine Pauline",female,24.0,0,0,PC 17477,69.3,B35,C
791,791,1,"Cardeza, Mrs. James Warburton Martinez (Charlotte Wardle Drake)",female,58.0,0,1,PC 17755,512.3292,B51 B53 B55,C
792,792,2,"Wright, Miss. Marion",female,26.0,0,0,220844,13.5,,S
793,793,1,"Schabert, Mrs. Paul (Emma Mock)",female,35.0,1,0,13236,57.75,C28,C
794,794,3,"Jermyn, Miss. Annie",female,,0,0,14313,7.75,,Q
795,795,3,"Markoff, Mr. Marin",male,35.0,0,0,349213,7.8958,,C
796,796,3,"Touma, Mrs. Darwis (Hanne Youssef Razi)",female,29.0,0,2,2650,15.2458,,C
797,797,1,"Lewy, Mr. Ervin G",male,,0,0,PC 17612,27.7208,,C
798,798,3,"Pokrnic, Mr. Mate",male,17.0,0,0,315095,8.6625,,S
799,799,3,"Asplund, Master. Edvin Rojj Felix",male,3.0,4,2,347077,31.3875,,S
800,800,1,"Barkworth, Mr. Algernon Henry Wilson",male,80.0,0,0,27042,30.0,A23,S
801,801,2,"Mallet, Mrs. Albert (Antoinette Magnin)",female,24.0,1,1,S.C./PARIS 2079,37.0042,,C
802,802,3,"Gustafsson, Mr. Alfred Ossian",male,20.0,0,0,7534,9.8458,,S
803,803,3,"Sage, Master. Thomas Henry",male,,8,2,CA. 2343,69.55,,S
804,804,3,"Panula, Mr. Ernesti Arvid",male,16.0,4,1,3101295,39.6875,,S
805,805,3,"Dyker, Mr. Adolf Fredrik",male,23.0,1,0,347072,13.9,,S
806,806,3,"Connors, Mr. Patrick",male,70.5,0,0,370369,7.75,,Q
807,807,2,"Bystrom, Mrs. (Karolina)",female,42.0,0,0,236852,13.0,,S
808,808,1,"Kenyon, Mrs. Frederick R (Marion)",female,,1,0,17464,51.8625,D21,S
809,809,3,"Sage, Mr. Frederick",male,,8,2,CA. 2343,69.55,,S
810,810,1,"Serepeca, Miss. Augusta",female,30.0,0,0,113798,31.0,,C
811,811,3,"Fischer, Mr. Eberhard Thelander",male,18.0,0,0,350036,7.7958,,S
812,812,2,"Chapman, Mr. John Henry",male,37.0,1,0,SC/AH 29037,26.0,,S
813,813,1,"White, Mr. Richard Frasar",male,21.0,0,1,35281,77.2875,D26,S
814,814,2,"Jefferys, Mr. Clifford Thomas",male,24.0,2,0,C.A. 31029,31.5,,S
815,815,3,"Attalah, Miss. Malake",female,17.0,0,0,2627,14.4583,,C
816,816,3,"Roth, Miss. Sarah A",female,,0,0,342712,8.05,,S
817,817,3,"Chronopoulos, Mr. Apostolos",male,26.0,1,0,2680,14.4542,,C
818,818,3,"Makinen, Mr. Kalle Edvard",male,29.0,0,0,STON/O 2. 3101268,7.925,,S
819,819,3,"Khalil, Mr. Betros",male,,1,0,2660,14.4542,,C
820,820,3,"Rice, Master. Albert",male,10.0,4,1,382652,29.125,,Q
821,821,1,"Hilliard, Mr. Herbert Henry",male,,0,0,17463,51.8625,E46,S
822,822,3,"Abelseth, Mr. Olaus Jorgensen",male,25.0,0,0,348122,7.65,F G63,S
823,823,1,"Carter, Master. William Thornton II",male,11.0,1,2,113760,120.0,B96 B98,S
824,824,1,"Crafton, Mr. John Bertram",male,,0,0,113791,26.55,,S
825,825,1,"Lines, Miss. Mary Conover",female,16.0,0,1,PC 17592,39.4,D28,S
826,826,3,"Sirayanian, Mr. Orsen",male,22.0,0,0,2669,7.2292,,C
827,827,3,"Dean, Mr. Bertram Frank",male,26.0,1,2,C.A. 2315,20.575,,S
828,828,3,"Charters, Mr. David",male,21.0,0,0,A/5. 13032,7.7333,,Q
829,829,1,"Keeping, Mr. Edwin",male,32.5,0,0,113503,211.5,C132,C
830,830,1,"Salomon, Mr. Abraham L",male,,0,0,111163,26.0,,S
831,831,2,"Hocking, Mr. Samuel James Metcalfe",male,36.0,0,0,242963,13.0,,S
832,832,2,"Gavey, Mr. Lawrence",male,26.0,0,0,31028,10.5,,S
833,833,2,"Andrew, Mr. Frank Thomas",male,25.0,0,0,C.A. 34050,10.5,,S
834,834,3,"Palsson, Miss. Torborg Danira",female,8.0,3,1,349909,21.075,,S
835,835,3,"Alexander, Mr. William",male,26.0,0,0,3474,7.8875,,S
836,836,1,"Silvey, Mrs. William Baird (Alice Munger)",female,39.0,1,0,13507,55.9,E44,S
837,837,3,"Davies, Mr. John Samuel",male,21.0,2,0,A/4 48871,24.15,,S
838,838,1,"Bidois, Miss. Rosalie",female,42.0,0,0,PC 17757,227.525,,C
839,839,3,"Hakkarainen, Mr. Pekka Pietari",male,28.0,1,0,STON/O2. 3101279,15.85,,S
840,840,3,"Zakarian, Mr. Ortin",male,27.0,0,0,2670,7.225,,C
841,841,3,"Ware, Mr. Frederick",male,,0,0,359309,8.05,,S
842,842,2,"Kantor, Mr. Sinai",male,34.0,1,0,244367,26.0,,S
843,843,3,"Klasen, Mrs. (Hulda Kristina Eugenia Lofqvist)",female,36.0,0,2,350405,12.1833,,S
844,844,3,"Storey, Mr. Thomas",male,60.5,0,0,3701,,,S
845,845,2,"Troutt, Miss. Edwina Celia ""Winnie""",female,27.0,0,0,34218,10.5,E101,S
846,846,3,"Maisner, Mr. Simon",male,,0,0,A/S 2816,8.05,,S
847,847,2,"Beauchamp, Mr. Henry James",male,28.0,0,0,244358,26.0,,S
848,848,2,"Beane, Mrs. Edward (Ethel Clarke)",female,19.0,1,0,2908,26.0,,S
849,849,2,"Hale, Mr. Reginald",male,30.0,0,0,250653,13.0,,S
850,850,1,"Bissette, Miss. Amelia",female,35.0,0,0,PC 17760,135.6333,C99,S
851,851,1,"Allison, Miss. Helen Loraine",female,2.0,1,2,113781,151.55,C22 C26,S
852,852,3,"Abbott, Mrs. Stanton (Rosa Hunt)",female,35.0,1,1,C.A. 2673,20.25,,S
853,853,2,"Keane, Miss. Nora A",female,,0,0,226593,12.35,E101,Q
854,854,2,"Becker, Master. Richard F",male,1.0,2,1,230136,39.0,F4,S
855,855,3,"Adahl, Mr. Mauritz Nils Martin",male,30.0,0,0,C 7076,7.25,,S
856,856,1,"Baumann, Mr. John D",male,,0,0,PC 17318,25.925,,S
857,857,3,"Nicola-Yarred, Miss. Jamila",female,14.0,1,0,2651,11.2417,,C
858,858,3,"Danbom, Mrs. Ernst Gilbert (Anna Sigrid Maria Brogren)",female,28.0,1,1,347080,14.4,,S
859,859,3,"Sage, Master. William Henry",male,14.5,8,2,CA. 2343,69.55,,S
860,860,3,"Patchett, Mr. George",male,19.0,0,0,358585,14.5,,S
861,861,3,"Barbara, Mrs. (Catherine David)",female,45.0,0,1,2691,14.4542,,C
862,862,2,"Rugg, Miss. Emily",female,21.0,0,0,C.A. 31026,10.5,,S
863,863,1,"Stone, Mrs. George Nelson (Martha Evelyn)",female,62.0,0,0,113572,80.0,B28,
864,864,3,"Mitkoff, Mr. Mito",male,,0,0,349221,7.8958,,S
865,865,3,"Sivic, Mr. Husein",male,40.0,0,0,349251,7.8958,,S
866,866,3,"Hansen, Mr. Henrik Juul",male,26.0,1,0,350025,7.8542,,S
867,867,2,"Louch, Mrs. Charles Alexander (Alice Adelaide Slow)",female,42.0,1,0,SC/AH 3085,26.0,,S
868,868,3,"Dyker, Mrs. Adolf Fredrik (Anna Elisabeth Judith Andersson)",female,22.0,1,0,347072,13.9,,S
869,869,3,"Razi, Mr. Raihed",male,,0,0,2629,7.2292,,C
870,870,2,"Jenkin, Mr. Stephen Curnow",male,32.0,0,0,C.A. 33111,10.5,,S
871,871,1,"Stewart, Mr. Albert A",male,,0,0,PC 17605,27.7208,,C
872,872,1,"Thayer, Mrs. John Borland (Marian Longstreth Morris)",female,39.0,1,1,17421,110.8833,C68,C
873,873,1,"Colley, Mr. Edward Pomeroy",male,47.0,0,0,5727,25.5875,E58,S
874,874,1,"Silvey, Mr. William Baird",male,50.0,1,0,13507,55.9,E44,S
875,875,2,"Coleridge, Mr. Reginald Charles",male,29.0,0,0,W./C. 14263,10.5,,S
876,876,1,"Chaudanson, Miss. Victorine",female,36.0,0,0,PC 17608,262.375,B61,C
877,877,3,"Pedersen, Mr. Olaf",male,,0,0,345498,7.775,,S
878,878,3,"Staneff, Mr. Ivan",male,,0,0,349208,7.8958,,S
879,879,2,"Phillips, Miss. Alice Frances Louisa",female,21.0,0,1,S.O./P.P. 2,21.0,,S
880,880,2,"Pallas y Castello, Mr. Emilio",male,29.0,0,0,SC/PARIS 2147,13.8583,,C
881,881,3,"Dahlberg, Miss. Gerda Ulrika",female,22.0,0,0,7552,10.5167,,S
882,882,1,"Gee, Mr. Arthur H",male,47.0,0,0,111320,38.5,E63,S
883,883,3,"de Messemaeker, Mrs. Guillaume Joseph (Emma)",female,36.0,1,0,345572,17.4,,S
884,884,3,"McCormack, Mr. Thomas Joseph",male,,0,0,367228,7.75,,Q
885,885,3,"Stankovic, Mr. Ivan",male,33.0,0,0,349239,8.6625,,C
886,886,3,"Connolly, Miss. Kate",female,22.0,0,0,370373,7.75,,Q
887,887,2,"Greenberg, Mr. Samuel",male,52.0,0,0,250647,13.0,,S
888,888,3,"Risien, Mrs. Samuel (Emma)",female,,0,0,364498,14.5,,S
889,889,3,"Moubarek, Mrs. George (Omine Amenia"" Alexander)""",female,,0,2,2661,15.2458,,C
890,890,1,"Artagaveytia, Mr. Ramon",male,71.0,0,0,PC 17609,49.5042,,C
891,891,1,"Hippach, Mrs. Louis Albert (Ida Sophia Fischer)",female,44.0,0,1,111361,57.9792,B18,C
892,892,2,"West, Miss. Constance Mirium",female,5.0,1,2,C.A. 34651,27.75,,S
893,893,3,"Vander Planke, Mr. Leo Edmondus",male,16.0,2,0,345764,18.0,,S
894,894,2,"Davies, Master. John Morgan Jr",male,8.0,1,1,C.A. 33112,36.75,,S
895,895,3,"McMahon, Mr. Martin",male,,0,0,370372,7.75,,Q
896,896,3,"Andersson, Master. Sigvard Harald Elias",male,4.0,4,2,347082,31.275,,S
897,897,3,"Panula, Master. Urho Abraham",male,2.0,4,1,3101295,39.6875,,S
898,898,2,"Enander, Mr. Ingvar",male,21.0,0,0,236854,13.0,,S
899,899,3,"Lester, Mr. James",male,39.0,0,0,A/4 48871,24.15,,S
900,900,1,"Maguire, Mr. John Edward",male,30.0,0,0,110469,26.0,C106,S
901,901,3,"Nakid, Mr. Sahid",male,20.0,1,1,2653,15.7417,,C
902,902,3,"Moran, Mr. James",male,,0,0,330877,8.4583,,Q
903,903,3,"Connolly, Miss. Kate",female,30.0,0,0,330972,7.6292,,Q
904,904,3,"Ilieff, Mr. Ylio",male,,0,0,349220,7.8958,,S
905,905,3,"Nosworthy, Mr. Richard Cater",male,21.0,0,0,A/4. 39886,7.8,,S
906,906,3,"Riordan, Miss. Johanna Hannah""""",female,,0,0,334915,7.7208,,Q
907,907,2,"Gale, Mr. Shadrach",male,34.0,1,0,28664,21.0,,S
908,908,3,"Meo, Mr. Alfonzo",male,55.5,0,0,A.5. 11206,8.05,,S
909,909,3,"Moor, Master. Meier",male,6.0,0,1,392096,12.475,E121,S
910,910,3,"Sirota, Mr. Maurice",male,,0,0,392092,8.05,,S
911,911,1,"Behr, Mr. Karl Howell",male,26.0,0,0,111369,30.0,C148,C
912,912,2,"Cotterill, Mr. Henry Harry""""",male,21.0,0,0,29107,11.5,,S
913,913,3,"Leeni, Mr. Fahim (""Philip Zenni"")",male,22.0,0,0,2620,7.225,,C
914,914,2,"Hood, Mr. Ambrose Jr",male,21.0,0,0,S.O.C. 14879,73.5,,S
915,915,3,"Burke, Mr. Jeremiah",male,19.0,0,0,365222,6.75,,Q
916,916,2,"Drew, Master. Marshall Brines",male,8.0,0,2,28220,32.5,,S
917,917,2,"Hocking, Mrs. Elizabeth (Eliza Needs)",female,54.0,1,3,29105,23.0,,S
918,918,3,"Ilmakangas, Miss. Ida Livija",female,27.0,1,0,STON/O2. 3101270,7.925,,S
919,919,1,"Futrelle, Mr. Jacques Heath",male,37.0,1,0,113803,53.1,C123,S
920,920,2,"Brown, Miss. Amelia ""Mildred""",female,24.0,0,0,248733,13.0,F33,S
921,921,2,"Louch, Mr. Charles Alexander",male,50.0,1,0,SC/AH 3085,26.0,,S
922,922,3,"Jussila, Mr. Eiriik",male,32.0,0,0,STON/O 2. 3101286,7.925,,S
923,923,2,"Ridsdale, Miss. Lucy",female,50.0,0,0,W./C. 14258,10.5,,S
924,924,3,"Elias, Mr. Dibo",male,,0,0,2674,7.225,,C
925,925,3,"Horgan, Mr. John",male,,0,0,370377,7.75,,Q
926,926,2,"Wells, Master. Ralph Lester",male,2.0,1,1,29103,23.0,,S
927,927,1,"Birnbaum, Mr. Jakob",male,25.0,0,0,13905,26.0,,C
928,928,1,"Newsom, Miss. Helen Monypeny",female,19.0,0,2,11752,26.2833,D47,S
929,929,1,"Taussig, Mr. Emil",male,52.0,1,1,110413,79.65,E67,S
930,930,1,"Bishop, Mr. Dickinson H",male,25.0,1,0,11967,91.0792,B49,C
931,931,2,"Hickman, Mr. Stanley George",male,21.0,2,0,S.O.C. 14879,73.5,,S
932,932,1,"Willard, Miss. Constance",female,21.0,0,0,113795,26.55,,S
933,933,3,"Strom, Miss. Telma Matilda",female,2.0,0,1,347054,10.4625,G6,S
934,934,3,"Kink, Mr. Vincenz",male,26.0,2,0,315151,8.6625,,S
935,935,1,"Harder, Mrs. George Achilles (Dorothy Annan)",female,25.0,1,0,11765,55.4417,E50,C
936,936,1,"Bird, Miss. Ellen",female,29.0,0,0,PC 17483,221.7792,C97,S
937,937,3,"Petroff, Mr. Pastcho (""Pentcho"")",male,,0,0,349215,7.8958,,S
938,938,3,"Celotti, Mr. Francesco",male,24.0,0,0,343275,8.05,,S
939,939,1,"Pears, Mr. Thomas Clinton",male,29.0,1,0,113776,66.6,C2,S
940,940,2,"Fox, Mr. Stanley Hubert",male,36.0,0,0,229236,13.0,,S
941,941,3,"Rasmussen, Mrs. (Lena Jacobsen Solvang)",female,,0,0,65305,8.1125,,S
942,942,3,"Heikkinen, Miss. Laina",female,26.0,0,0,STON/O2. 3101282,7.925,,S
943,943,1,"Sutton, Mr. Frederick",male,61.0,0,0,36963,32.3208,D50,S
944,944,3,"Denkoff, Mr. Mitto",male,,0,0,349225,7.8958,,S
945,945,3,"Johansson, Mr. Erik",male,22.0,0,0,350052,7.7958,,S
946,946,3,"Henriksson, Miss. Jenny Lovisa",female,28.0,0,0,347086,7.775,,S
947,947,2,"Davies, Mr. Charles Henry",male,18.0,0,0,S.O.C. 14879,73.5,,S
948,948,3,"Vander Planke, Mr. Julius",male,31.0,3,0,345763,18.0,,S
949,949,3,"Van Impe, Miss. Catharina",female,10.0,0,2,345773,24.15,,S
950,950,3,"Rice, Master. George Hugh",male,8.0,4,1,382652,29.125,,Q
951,951,3,"Bing, Mr. Lee",male,32.0,0,0,1601,56.4958,,S
952,952,1,"Bishop, Mrs. Dickinson H (Helen Walton)",female,19.0,1,0,11967,91.0792,B49,C
953,953,1,"Roebling, Mr. Washington Augustus II",male,31.0,0,0,PC 17590,50.4958,A24,S
954,954,2,"Herman, Mrs. Samuel (Jane Laver)",female,48.0,1,2,220845,65.0,,S
955,955,3,"Andersson, Mrs. Anders Johan (Alfrida Konstantia Brogren)",female,39.0,1,5,347082,31.275,,S
956,956,2,"Jefferys, Mr. Ernest Wilfred",male,22.0,2,0,C.A. 31029,31.5,,S
957,957,1,"Kent, Mr. Edward Austin",male,58.0,0,0,11771,29.7,B37,C
958,958,3,"Coleff, Mr. Satio",male,24.0,0,0,349209,7.4958,,S
959,959,3,"Barton, Mr. David John",male,22.0,0,0,324669,8.05,,S
960,960,3,"Cor, Mr. Ivan",male,27.0,0,0,349229,7.8958,,S
961,961,3,"Goodwin, Miss. Lillian Amy",female,16.0,5,2,CA 2144,46.9,,S
962,962,2,"Bateman, Rev. Robert James",male,51.0,0,0,S.O.P. 1166,12.525,,S
963,963,2,"Parker, Mr. Clifford Richard",male,28.0,0,0,SC 14888,10.5,,S
964,964,3,"van Melkebeke, Mr. Philemon",male,,0,0,345777,9.5,,S
965,965,1,"Fortune, Miss. Ethel Flora",female,28.0,3,2,19950,263.0,C23 C25 C27,S
966,966,3,"Gilinski, Mr. Eliezer",male,22.0,0,0,14973,8.05,,S
967,967,1,"Frauenthal, Mrs. Henry William (Clara Heinsheimer)",female,,1,0,PC 17611,133.65,,S
968,968,3,"Mineff, Mr. Ivan",male,24.0,0,0,349233,7.8958,,S
969,969,2,"McCrae, Mr. Arthur Gordon",male,32.0,0,0,237216,13.5,,S
970,970,3,"Asplund, Master. Clarence Gustaf Hugo",male,9.0,4,2,347077,31.3875,,S
971,971,3,"Dean, Miss. Elizabeth Gladys Millvina""""",female,0.17,1,2,C.A. 2315,20.575,,S
972,972,3,"Meanwell, Miss. (Marion Ogden)",female,,0,0,SOTON/O.Q. 392087,8.05,,S
973,973,2,"Dibden, Mr. William",male,18.0,0,0,S.O.C. 14879,73.5,,S
974,974,2,"Brown, Mrs. Thomas William Solomon (Elizabeth Catherine Ford)",female,40.0,1,1,29750,39.0,,S
975,975,3,"Finoli, Mr. Luigi",male,,0,0,SOTON/O.Q. 3101308,7.05,,S
976,976,3,"Beavan, Mr. William Thomas",male,19.0,0,0,323951,8.05,,S
977,977,3,"McGowan, Miss. Anna ""Annie""",female,15.0,0,0,330923,8.0292,,Q
978,978,3,"Rommetvedt, Mr. Knud Paust",male,,0,0,312993,7.775,,S
979,979,3,"Kink-Heilmann, Mr. Anton",male,29.0,3,1,315153,22.025,,S
980,980,3,"Andersson, Miss. Ellis Anna Maria",female,2.0,4,2,347082,31.275,,S
981,981,1,"Tucker, Mr. Gilbert Milligan Jr",male,31.0,0,0,2543,28.5375,C53,C
982,982,1,"Duff Gordon, Sir. Cosmo Edmund (""Mr Morgan"")",male,49.0,1,0,PC 17485,56.9292,A20,C
983,983,2,"Mack, Mrs. (Mary)",female,57.0,0,0,S.O./P.P. 3,10.5,E77,S
984,984,1,"Compton, Mr. Alexander Taylor Jr",male,37.0,1,1,PC 17756,83.1583,E52,C
985,985,3,"Davies, Mr. Evan",male,22.0,0,0,SC/A4 23568,8.05,,S
986,986,1,"Endres, Miss. Caroline Louise",female,38.0,0,0,PC 17757,227.525,C45,C
987,987,2,"Maybery, Mr. Frank Hubert",male,40.0,0,0,239059,16.0,,S
988,988,3,"Johnson, Mr. William Cahoone Jr",male,19.0,0,0,LINE,0.0,,S
989,989,2,"Beane, Mr. Edward",male,32.0,1,0,2908,26.0,,S
990,990,2,"Mangiavacchi, Mr. Serafino Emilio",male,,0,0,SC/A.3 2861,15.5792,,C
991,991,3,"Thorneycroft, Mr. Percival",male,,1,0,376564,16.1,,S
992,992,1,"Seward, Mr. Frederic Kimber",male,34.0,0,0,113794,26.55,,S
993,993,3,"Rice, Master. Eugene",male,2.0,4,1,382652,29.125,,Q
994,994,2,"Caldwell, Master. Alden Gates",male,0.83,0,2,248738,29.0,,S
995,995,1,"Gibson, Miss. Dorothy Winifred",female,22.0,0,1,112378,59.4,,C
996,996,3,"Vovk, Mr. Janko",male,22.0,0,0,349252,7.8958,,S
997,997,1,"Cornell, Mrs. Robert Clifford (Malvina Helen Lamson)",female,55.0,2,0,11770,25.7,C101,S
998,998,3,"Wiklund, Mr. Jakob Alfred",male,18.0,1,0,3101267,6.4958,,S
999,999,3,"Peduzzi, Mr. Joseph",male,,0,0,A/5 2817,8.05,,S
1000,1000,3,"Betros, Master. Seman",male,,0,0,2622,7.2292,,C
1001,1001,1,"Beattie, Mr. Thomson",male,36.0,0,0,13050,75.2417,C6,C
1002,1002,2,"Leyson, Mr. Robert William Norman",male,24.0,0,0,C.A. 29566,10.5,,S
1003,1003,2,"Laroche, Miss. Simonne Marie Anne Andree",female,3.0,1,2,SC/Paris 2123,41.5792,,C
1004,1004,1,"Madill, Miss. Georgette Alexandra",female,15.0,0,1,24160,211.3375,B5,S
1005,1005,2,"Walcroft, Miss. Nellie",female,31.0,0,0,F.C.C. 13528,21.0,,S
1006,1006,3,"Shine, Miss. Ellen Natalia",female,,0,0,330968,7.7792,,Q
1007,1007,3,"Shaughnessy, Mr. Patrick",male,,0,0,370374,7.75,,Q
1008,1008,3,"Eklund, Mr. Hans Linus",male,16.0,0,0,347074,7.775,,S
1009,1009,1,"Stengel, Mrs. Charles Emil Henry (Annie May Morris)",female,43.0,1,0,11778,55.4417,C116,C
1010,1010,1,"Goldenberg, Mrs. Samuel L (Edwiga Grabowska)",female,,1,0,17453,89.1042,C92,C
1011,1011,1,"Payne, Mr. Vivian Ponsonby",male,23.0,0,0,12749,93.5,B24,S
1012,1012,3,"Palsson, Master. Paul Folke",male,6.0,3,1,349909,21.075,,S
1013,1013,1,"Sloper, Mr. William Thompson",male,28.0,0,0,113788,35.5,A6,S
1014,1014,3,"Dorking, Mr. Edward Arthur",male,19.0,0,0,A/5. 10482,8.05,,S
1015,1015,2,"Wells, Miss. Joan",female,4.0,1,1,29103,23.0,,S
1016,1016,3,"Willer, Mr. Aaron (Abi Weller"")""",male,,0,0,3410,8.7125,,S
1017,1017,1,"Omont, Mr. Alfred Fernand",male,,0,0,F.C. 12998,25.7417,,C
1018,1018,2,"Ilett, Miss. Bertha",female,17.0,0,0,SO/C 14885,10.5,,S
1019,1019,1,"Baxter, Mrs. James (Helene DeLaudeniere Chaput)",female,50.0,0,1,PC 17558,247.5208,B58 B60,C
1020,1020,3,"Farrell, Mr. James",male,40.5,0,0,367232,7.75,,Q
1021,1021,3,"Baclini, Miss. Eugenie",female,0.75,2,1,2666,19.2583,,C
1022,1022,3,"Lobb, Mrs. William Arthur (Cordelia K Stanlick)",female,26.0,1,0,A/5. 3336,16.1,,S
1023,1023,3,"Kiernan, Mr. John",male,,1,0,367227,7.75,,Q
1024,1024,3,"McGovern, Miss. Mary",female,,0,0,330931,7.8792,,Q
1025,1025,2,"Hold, Mrs. Stephen (Annie Margaret Hill)",female,29.0,1,0,26707,26.0,,S
1026,1026,3,"Lefebre, Miss. Jeannie",female,,3,1,4133,25.4667,,S
1027,1027,3,"Barbara, Miss. Saiide",female,18.0,0,1,2691,14.4542,,C
1028,1028,3,"Balkic, Mr. Cerin",male,26.0,0,0,349248,7.8958,,S
1029,1029,2,"Ball, Mrs. (Ada E Hall)",female,36.0,0,0,28551,13.0,D,S
1030,1030,1,"Wick, Miss. Mary Natalie",female,31.0,0,2,36928,164.8667,C7,S
1031,1031,3,"Barah, Mr. Hanna Assi",male,20.0,0,0,2663,7.2292,,C
1032,1032,2,"Fahlstrom, Mr. Arne Jonas",male,18.0,0,0,236171,13.0,,S
1033,1033,1,"Davidson, Mrs. Thornton (Orian Hays)",female,27.0,1,2,F.C. 12750,52.0,B71,S
1034,1034,3,"Fleming, Miss. Honora",female,,0,0,364859,7.75,,Q
1035,1035,1,"Widener, Mr. George Dunton",male,50.0,1,1,113503,211.5,C80,C
1036,1036,1,"Bonnell, Miss. Elizabeth",female,58.0,0,0,113783,26.55,C103,S
1037,1037,3,"Lefebre, Master. Henry Forbes",male,,3,1,4133,25.4667,,S
1038,1038,3,"Willey, Mr. Edward",male,,0,0,S.O./P.P. 751,7.55,,S
1039,1039,3,"Tobin, Mr. Roger",male,,0,0,383121,7.75,F38,Q
1040,1040,3,"Cor, Mr. Bartol",male,35.0,0,0,349230,7.8958,,S
1041,1041,2,"Jacobsohn, Mr. Sidney Samuel",male,42.0,1,0,243847,27.0,,S
1042,1042,1,"Clifford, Mr. George Quincy",male,,0,0,110465,52.0,A14,S
1043,1043,3,"Berglund, Mr. Karl Ivar Sven",male,22.0,0,0,PP 4348,9.35,,S
1044,1044,2,"Frost, Mr. Anthony Wood ""Archie""",male,,0,0,239854,0.0,,S
1045,1045,3,"Johnson, Master. Harold Theodor",male,4.0,1,1,347742,11.1333,,S
1046,1046,3,"Coutts, Master. William Loch ""William""",male,3.0,1,1,C.A. 37671,15.9,,S
